Company_Code,Company_Name,Market_Type,Security_Code,Sector,Market_Cap,Last_Price,PE,DY,ROE
AASIA,ASTRAL ASIA BERHAD,MAIN,7054,Plantation,79.20m,0.12,-,0.00,-3.10
AAX,AIRASIA X BERHAD,MAIN,5238,"Travel, Leisure & Hospitality",1.082b,2.42,-,0.00,-
ABFMY1,ABF MALAYSIA BOND INDEX FUND,ETF,0800EA,Bond Fund,1.702b,1.19,-,0.39,-
ABLEGLOB,ABLE GLOBAL BERHAD,MAIN,7167,Food & Beverages,403.61m,1.30,11.86,3.08,8.06
ABLEGRP,ABLEGROUP BERHAD,MAIN,7086,Building Materials,29.03m,0.11,100.00,0.00,0.69
ABMB,ALLIANCE BANK MALAYSIA BERHAD,MAIN,2488,Banking,5.171b,3.34,8.39,6.59,9.13
ACME,ACME HOLDINGS BERHAD,MAIN,7131,Property,99.24m,0.27,71.05,0.00,1.27
ACO,ACO GROUP BERHAD,ACE,0218,Industrial Services,79.90m,0.23,21.50,0.87,4.12
ADB,AUTOCOUNT DOTCOM BERHAD,ACE,0276,Software,363.33m,0.66,-,3.03,-
ADVCON,ADVANCECON HOLDINGS BERHAD,MAIN,5281,Construction,175.42m,0.30,-,0.00,-9.25
ADVENTA,ADVENTA BERHAD,MAIN,7191,Health Care Equipment & Services,63.41m,0.42,-,0.00,-14.92
ADVPKG,ADVANCED PACKAGING TECHNOLOGY (M) BHD,MAIN,9148,Packaging Materials,55.77m,0.68,-,0.00,-7.28
AEM,AE MULTI HOLDINGS BERHAD,MAIN,7146,"Industrial Materials, Components & Equipment",32.45m,0.02,-,0.00,-25.33
AEMULUS,AEMULUS HOLDINGS BERHAD,ACE,0181,Technology Equipment,211.07m,0.32,-,0.00,-8.42
AEON,AEON CO. (M) BHD,MAIN,6599,Retailers,1.558b,1.11,14.94,3.60,5.76
AEONCR,AEON CREDIT SERVICE (M) BERHAD,MAIN,5139,Other Financials,3.064b,12.00,7.69,4.12,15.93
AFFIN,AFFIN BANK BERHAD,MAIN,5185,Banking,4.951b,2.11,3.89,5.83,11.25
AFUJIYA,ABM FUJIYA BERHAD,MAIN,5198,Auto Parts,68.40m,0.38,-,0.00,-3.52
AGES,AGESON BERHAD,MAIN,7145,Construction,9.35m,0.03,-,0.00,-
AGMO,AGMO HOLDINGS BERHAD,ACE,0258,Software,201.50m,0.62,26.72,0.00,18.12
AHB,AHB HOLDINGS BERHAD,MAIN,7315,Consumer Services,85.16m,0.14,-,0.00,-31.13
AHEALTH,APEX HEALTHCARE BERHAD,MAIN,7090,Pharmaceuticals,1.753b,2.44,4.22,2.32,46.65
AIM,ADVANCE INFORMATION MARKETING BERHAD,ACE,0122,Industrial Services,19.51m,0.20,-,0.00,-66.75
AIMFLEX,AIMFLEX BERHAD,ACE,0209,Technology Equipment,316.59m,0.22,26.88,0.00,8.89
AIRPORT,MALAYSIA AIRPORTS HOLDINGS BERHAD,MAIN,5014,Transportation & Logistics Services,12.014b,7.20,23.52,0.54,6.64
AJI,AJINOMOTO (MALAYSIA) BERHAD,MAIN,2658,Food & Beverages,942.38m,15.50,23.24,0.59,7.57
AJIYA,AJIYA BERHAD,MAIN,7609,Building Materials,456.88m,1.50,6.30,0.00,14.80
ALAM,ALAM MARITIM RESOURCES BERHAD,MAIN,5115,"Energy Infrastructure, Equipment & Services",45.95m,0.03,2.78,0.00,-
ALAQAR,AL-`AQAR HEALTHCARE REIT,MAIN,5116,Real Estate Investment Trusts,1.058b,1.26,19.09,6.43,5.16
ALCOM,ALCOM GROUP BERHAD,MAIN,2674,Metals,107.46m,0.80,2.30,3.12,19.45
ALLIANZ,ALLIANZ MALAYSIA BERHAD,MAIN,1163,Insurance,2.823b,15.86,4.60,5.36,12.32
ALRICH,ALDRICH RESOURCES BERHAD,ACE,0079,Software,38.97m,0.04,70.00,0.00,2.27
ALSREIT,AL-SALAM REAL ESTATE INVESTMENT TRUST,MAIN,5269,Real Estate Investment Trusts,263.90m,0.46,4.19,5.49,9.88
AMBANK,AMMB HOLDINGS BERHAD,MAIN,1015,Banking,12.395b,3.74,7.32,4.89,9.14
AME,AME ELITE CONSORTIUM BERHAD,MAIN,5293,Construction,941.79m,1.47,7.80,2.72,14.38
AMEDIA,ASIA MEDIA GROUP BERHAD,MAIN,0159,Media,35.80m,0.12,16.67,0.00,0.17
AMEREIT,AME REAL ESTATE INVESTMENT TRUST,MAIN,5307,Real Estate Investment Trusts,653.64m,1.25,10.69,3.03,10.89
AMFIRST,AMFIRST REAL ESTATE INVESTMENT TRUST,MAIN,5120,Real Estate Investment Trusts,229.94m,0.34,18.41,8.06,1.57
AMLEX,AMLEX HOLDINGS BERHAD,LEAP,03011,Semiconductors,115.29m,0.43,-,1.40,-
AMTEL,AMTEL HOLDINGS BERHAD,MAIN,7031,Telecommunications Equipment,61.34m,0.63,23.58,0.00,3.69
AMWAY,AMWAY (MALAYSIA) HOLDINGS BERHAD,MAIN,6351,Retailers,871.24m,5.30,11.02,7.17,32.27
ANALABS,ANALABS RESOURCES BERHAD,MAIN,7083,Industrial Services,183.67m,1.53,7.12,1.31,6.71
ANCOMLB,ANCOM LOGISTICS BERHAD,ACE,0048,Transportation & Logistics Services,59.16m,0.13,-,0.00,-1.60
ANCOMNY,ANCOM NYLEX BERHAD,MAIN,4758,Chemicals,1.186b,1.20,15.79,0.83,14.62
ANEKA,ANEKA JARINGAN HOLDINGS BERHAD,ACE,0226,Construction,117.48m,0.18,-,0.00,-30.63
ANNJOO,ANN JOO RESOURCES BERHAD,MAIN,6556,Metals,676.94m,1.17,-,0.00,-18.11
ANNUM,ANNUM BERHAD,MAIN,5082,Wood & Wood Products,30.71m,0.14,-,0.00,-
AORB,ALPHA OCEAN RESOURCES BERHAD,LEAP,03051,Agricultural Products,323.00m,3.23,-,0.19,-
APB,APB RESOURCES BERHAD,MAIN,5568,Industrial Engineering,248.33m,2.20,30.51,4.55,5.22
APEX,APEX EQUITY HOLDINGS BERHAD,MAIN,5088,Other Financials,239.19m,1.12,36.48,0.00,1.92
APM,APM AUTOMOTIVE HOLDINGS BERHAD,MAIN,5015,Auto Parts,411.26m,2.04,14.33,6.86,2.13
APOLLO,APOLLO FOOD HOLDINGS BERHAD,MAIN,6432,Food & Beverages,424.00m,5.30,12.21,4.72,14.09
APPASIA,APPASIA BERHAD,ACE,0119,Software,119.24m,0.11,65.62,0.00,0.07
ARANK,A-RANK BERHAD,MAIN,7214,Metals,97.42m,0.55,6.98,5.05,8.05
ARBB,ARB BERHAD,MAIN,7181,Software,115.59m,0.10,5.97,0.00,4.68
ARK,ARK RESOURCES HOLDINGS BERHAD,MAIN,7007,Property,22.27m,0.32,-,0.00,-5.94
ARMADA,BUMI ARMADA BERHAD,MAIN,5210,"Energy Infrastructure, Equipment & Services",3.169b,0.54,4.66,0.00,11.84
ARREIT,AMANAHRAYA REAL ESTATE INVESTMENT TRUST,MAIN,5127,Real Estate Investment Trusts,237.89m,0.42,33.47,8.19,0.97
ARTRONIQ,ARTRONIQ BERHAD,ACE,0038,Chemicals,329.07m,0.83,-,0.23,-
ASB,ADVANCE SYNERGY BERHAD,MAIN,1481,"Travel, Leisure & Hospitality",354.09m,0.14,-,0.71,-6.53
ASDION,ASDION BERHAD,ACE,0068,Software,13.42m,0.03,-,0.00,-4.92
ASIABRN,ASIA BRANDS BERHAD,MAIN,7722,Personal Goods,123.30m,0.53,13.70,3.77,3.79
ASIAFLE,ASIA FILE CORPORATION BHD,MAIN,7129,Consumer Services,374.80m,1.92,9.49,1.82,5.10
ASIAPAC,ASIAN PAC HOLDINGS BERHAD,MAIN,4057,Property,163.77m,0.11,20.37,0.00,0.74
ASIAPLY,ASIA POLY HOLDINGS BERHAD,ACE,0105,Chemicals,91.06m,0.10,-,0.00,-6.64
ASTEEL,ASTEEL GROUP BERHAD,MAIN,7020,Metals,46.06m,0.10,-,0.00,-11.23
ASTINO,ASTINO BERHAD,MAIN,7162,Building Materials,256.57m,0.52,9.06,1.92,5.36
ASTRA,ASTRAMINA GROUP BERHAD,LEAP,03032,Food & Beverages,100.70m,0.37,-,0.00,-
ASTRO,ASTRO MALAYSIA HOLDINGS BERHAD,MAIN,6399,Media,2.270b,0.44,22.66,6.90,8.85
AT,AT SYSTEMATIZATION BERHAD,ACE,0072,"Industrial Materials, Components & Equipment",101.79m,0.02,-,0.00,-30.53
ATAIMS,ATA IMS BERHAD,MAIN,8176,"Industrial Materials, Components & Equipment",409.49m,0.34,-,0.00,-54.44
ATECH,AURELIUS TECHNOLOGIES BERHAD,MAIN,5302,"Industrial Materials, Components & Equipment",1.044b,2.65,23.85,1.51,13.72
ATLAN,ATLAN HOLDINGS BHD.,MAIN,7048,Retailers,707.68m,2.79,31.74,1.43,5.36
ATRIUM,ATRIUM REAL ESTATE INVESTMENT TRUST,MAIN,5130,Real Estate Investment Trusts,366.46m,1.38,16.25,5.94,6.42
AURO,AURO HOLDINGS BERHAD,MAIN,5025,Wood & Wood Products,89.75m,0.16,-,0.00,-8.96
AURORA,AURORA ITALIA INTERNATIONAL BERHAD,LEAP,03037,Personal Goods,137.73m,0.22,-,0.91,-
AVALAND,AVALAND BERHAD,MAIN,5182,Property,407.96m,0.28,12.12,0.00,3.82
AVI,AVILLION BERHAD,MAIN,8885,"Travel, Leisure & Hospitality",51.00m,0.05,-,0.00,-2.78
AWANTEC,AWANBIRU TECHNOLOGY BERHAD,MAIN,5204,Digital Services,189.57m,0.24,-,0.00,-3.51
AWC,AWC BERHAD,MAIN,7579,Industrial Services,183.93m,0.57,86.36,3.51,0.94
AXIATA,AXIATA GROUP BERHAD,MAIN,6888,Telecommunications Service Providers,22.122b,2.41,2.35,5.81,38.99
AXREIT,AXIS REAL ESTATE INVESTMENT TRUST,MAIN,5106,Real Estate Investment Trusts,3.186b,1.83,18.90,5.33,6.16
AXTERIA,AXTERIA GROUP BERHAD,MAIN,7120,Property,118.28m,0.17,-,0.00,-4.38
AYER,AYER HOLDINGS BERHAD,MAIN,2305,Property,538.94m,7.20,13.03,2.78,7.25
AYS,AYS VENTURES BERHAD,MAIN,5021,Building Materials,163.20m,0.39,5.96,2.56,6.06
AZRB,AHMAD ZAKI RESOURCES BERHAD,MAIN,7078,Construction,137.52m,0.23,-,0.00,-66.24
BABA,BABA ECO GROUP BERHAD,LEAP,03012,Household Goods,98.88m,0.44,-,0.75,-
BAHVEST,BAHVEST RESOURCES BERHAD,ACE,0098,Metals,396.73m,0.32,-,0.00,-
BARAKAH,BARAKAH OFFSHORE PETROLEUM BERHAD,MAIN,7251,"Energy Infrastructure, Equipment & Services",50.15m,0.05,12.20,0.00,-
BAT,BRITISH AMERICAN TOBACCO (MALAYSIA) BERHAD,MAIN,4162,Personal Goods,2.655b,9.30,11.81,9.46,60.11
BAUTO,BERMAZ AUTO BERHAD,MAIN,5248,Automotive,2.901b,2.48,8.20,8.87,47.94
BCB,BCB BERHAD,MAIN,6602,Property,127.88m,0.31,5.24,0.00,4.74
BCMALL,BCM ALLIANCE BERHAD,ACE,0187,Industrial Services,40.68m,0.02,-,0.00,-7.12
BDB,BINA DARULAMAN BERHAD,MAIN,6173,Property,91.16m,0.30,-,1.53,-0.10
BENALEC,BENALEC HOLDINGS BERHAD,MAIN,5190,Construction,108.32m,0.11,-,0.00,-11.82
BERTAM,BERTAM ALLIANCE BERHAD,MAIN,9814,Property,24.81m,0.10,1.38,0.00,11.34
BESHOM,BESHOM HOLDINGS BERHAD,MAIN,7668,Retailers,303.10m,1.01,26.17,4.95,3.71
BETA,BETAMEK BERHAD,ACE,0263,Auto Parts,204.75m,0.46,12.20,2.20,12.03
BHIC,BOUSTEAD HEAVY INDUSTRIES CORPORATION BHD,MAIN,8133,Transportation Equipment,126.71m,0.51,-,0.00,-48.62
BIG,B.I.G. INDUSTRIES BERHAD,MAIN,7005,Diversified Industrials,41.58m,0.66,15.78,0.00,6.48
BIMB,BIMB HOLDINGS BERHAD,MAIN,5258,Banking,4.782b,2.11,9.15,6.54,7.14
BINACOM,BINASAT COMMUNICATIONS BERHAD,ACE,0195,Telecommunications Service Providers,137.84m,0.36,30.60,0.00,3.31
BINTAI,BINTAI KINDEN CORPORATION BERHAD,MAIN,6998,Industrial Engineering,70.38m,0.08,-,0.00,-59.50
BIOHLDG,BIOALPHA HOLDINGS BERHAD,ACE,0179,Food & Beverages,119.55m,0.09,-,0.00,-32.31
BIPORT,BINTULU PORT HOLDINGS BERHAD,MAIN,5032,Transportation & Logistics Services,2.383b,5.18,21.55,2.70,6.23
BJASSET,BERJAYA ASSETS BERHAD,MAIN,3239,Property,767.48m,0.30,-,0.00,-1.27
BJCORP,BERJAYA CORPORATION BERHAD,MAIN,3395,Diversified Industrials,1.670b,0.28,-,0.00,-1.77
BJFOOD,BERJAYA FOOD BERHAD,MAIN,5196,"Travel, Leisure & Hospitality",1.393b,0.72,13.47,4.90,18.90
BJLAND,BERJAYA LAND BERHAD,MAIN,4219,"Travel, Leisure & Hospitality",1.400b,0.28,9.40,0.00,3.72
BKAWAN,BATU KAWAN BERHAD,MAIN,1899,Plantation,8.111b,20.30,12.27,5.42,8.21
BLDPLNT,BLD PLANTATION BHD.,MAIN,5069,Plantation,1.029b,11.00,57.68,0.27,2.43
BMGREEN,BM GREENTECH BERHAD,MAIN,0168,"Industrial Materials, Components & Equipment",477.30m,0.93,25.34,1.89,7.60
BONIA,BONIA CORPORATION BERHAD,MAIN,9288,Personal Goods,364.85m,1.81,6.63,6.63,12.84
BORNOIL,BORNEO OIL BERHAD,MAIN,7036,Industrial Services,179.57m,0.02,-,0.00,-1.38
BOXPAK,BOX-PAK (MALAYSIA) BERHAD,MAIN,6297,Packaging Materials,100.24m,0.84,-,0.00,-10.33
BPLANT,BOUSTEAD PLANTATIONS BERHAD,MAIN,5254,Plantation,3.114b,1.39,35.92,10.40,3.02
BPPLAS,BP PLASTICS HOLDING BHD,MAIN,5100,Packaging Materials,337.84m,1.20,11.66,4.58,11.18
BPURI,BINA PURI HOLDINGS BHD,MAIN,5932,Construction,117.94m,0.04,-,0.00,-109.09
BRIGHT,BRIGHT PACKAGING INDUSTRY BERHAD,MAIN,9938,Packaging Materials,40.04m,0.20,-,0.00,-1.45
BSLCORP,BSL CORPORATION BERHAD,MAIN,7221,Metals,78.02m,0.04,-,0.00,-
BTECH,BRITE-TECH BERHAD,ACE,0011,"Gas, Water & Multi-utilities",69.30m,0.28,8.62,2.91,9.38
BTM,BTM RESOURCES BERHAD,MAIN,7188,Wood & Wood Products,87.95m,0.07,-,0.00,-28.33
BURSA,BURSA MALAYSIA BERHAD,MAIN,1818,Other Financials,5.544b,6.85,23.94,3.87,28.05
BVLH,BV LAND HOLDINGS BERHAD,LEAP,03042,Construction,28.48m,0.21,-,0.00,-
CAB,CAB CAKARAN CORPORATION BERHAD,MAIN,7174,Agricultural Products,428.15m,0.61,4.11,0.00,17.27
CABNET,CABNET HOLDINGS BERHAD,ACE,0191,Technology Equipment,42.01m,0.24,-,0.00,-
CAMRES,CAM RESOURCES BERHAD,MAIN,7128,Household Goods,70.85m,0.36,4.90,2.78,10.05
CANONE,CAN-ONE BERHAD,MAIN,5105,Packaging Materials,518.81m,2.70,21.00,1.48,1.33
CAPITALA,CAPITAL A BERHAD,MAIN,5099,"Travel, Leisure & Hospitality",3.982b,0.95,7.51,0.00,-
CAREPLS,CAREPLUS GROUP BERHAD,MAIN,0163,Health Care Equipment & Services,157.94m,0.27,-,0.00,-
CARIMIN,CARIMIN PETROLEUM BERHAD,MAIN,5257,"Energy Infrastructure, Equipment & Services",199.97m,0.86,8.65,2.34,11.92
CARLSBG,CARLSBERG BREWERY MALAYSIA BERHAD,MAIN,2836,Food & Beverages,6.011b,19.66,19.40,4.48,149.00
CARZO,CARZO HOLDINGS BERHAD,LEAP,03048,Food & Beverages,28.62m,0.30,-,0.00,-
CATCHA,CATCHA DIGITAL BERHAD,ACE,0173,Media,179.56m,0.51,463.64,0.00,0.85
CBIP,CB INDUSTRIAL PRODUCT HOLDING BERHAD,MAIN,7076,"Industrial Materials, Components & Equipment",552.44m,1.12,-,1.79,-2.63
CCIB,CC INTERNATIONAL BERHAD,LEAP,03053,Consumer Services,167.89m,0.35,-,2.94,-
CCK,CCK CONSOLIDATED HOLDINGS BERHAD,MAIN,7035,Food & Beverages,504.58m,0.80,6.98,4.38,18.48
CDB,CELCOMDIGI BERHAD,MAIN,6947,Telecommunications Service Providers,50.445b,4.30,52.06,2.84,5.99
CEB,CAPE EMS BERHAD,MAIN,5311,Diversified Industrials,1.080b,1.17,-,0.47,-
CEKD,CEKD BERHAD,ACE,0238,"Industrial Materials, Components & Equipment",93.40m,0.48,19.20,4.17,7.14
CENGILD,CENGILD MEDICAL BERHAD,ACE,0243,Health Care Providers,304.01m,0.37,22.81,2.03,12.40
CENSOF,CENSOF HOLDINGS BERHAD,MAIN,5195,Software,127.02m,0.23,25.84,3.26,4.86
CEPAT,CEPATWAWASAN GROUP BERHAD,MAIN,8982,Plantation,216.54m,0.68,29.31,5.88,1.84
CEPCO,CONCRETE ENGINEERING PRODUCTS BERHAD,MAIN,8435,Building Materials,73.88m,0.99,51.03,0.00,2.52
CETECH,CE TECHNOLOGY BERHAD,LEAP,03024,Industrial Services,398.03m,1.15,-,0.23,-
CFM,COMPUTER FORMS (MALAYSIA) BERHAD,MAIN,8044,Industrial Services,41.48m,0.16,-,129.03,-
CGB,CENTRAL GLOBAL BERHAD,MAIN,8052,Packaging Materials,437.37m,2.53,69.32,0.00,5.21
CHEETAH,CHEETAH HOLDINGS BERHAD,MAIN,7209,Personal Goods,63.21m,0.13,-,0.00,-15.08
CHGP,CHIN HIN GROUP PROPERTY BERHAD,MAIN,7187,Transportation Equipment,517.97m,0.94,19.83,0.00,7.90
CHHB,COUNTRY HEIGHTS HOLDINGS BHD,MAIN,5738,Property,97.50m,0.33,-,0.00,-12.00
CHINHIN,CHIN HIN GROUP BERHAD,MAIN,5273,Building Materials,6.921b,3.91,92.43,0.13,10.07
CHINTEK,CHIN TECK PLANTATIONS BERHAD,MAIN,1929,Plantation,700.76m,7.67,11.08,2.61,7.40
CHINWEL,CHIN WELL HOLDINGS BERHAD,MAIN,5007,"Industrial Materials, Components & Equipment",401.37m,1.34,10.17,4.11,5.53
CHOOBEE,CHOO BEE METAL INDUSTRIES BHD,MAIN,5797,Metals,182.72m,0.93,-,2.70,-2.51
CHUAN,CHUAN HUAT RESOURCES BHD,MAIN,7016,Building Materials,73.37m,0.44,-,0.00,-0.74
CIHLDG,C.I. HOLDINGS BERHAD,MAIN,2828,Food & Beverages,486.00m,3.00,4.84,5.00,24.51
CIMB,CIMB GROUP HOLDINGS BERHAD,MAIN,1023,Banking,57.805b,5.42,9.40,4.80,9.18
CITAGLB,CITAGLOBAL BERHAD,MAIN,7245,Metals,618.04m,1.48,-,0.00,-10.82
CJCEN,CJ CENTURY LOGISTICS HOLDINGS BERHAD,MAIN,7117,Transportation & Logistics Services,237.69m,0.40,12.38,3.75,4.19
CLASSITA,CLASSITA HOLDINGS BERHAD,MAIN,7154,Personal Goods,80.13m,0.07,-,7.69,-2.47
CLMT,CAPITALAND MALAYSIA TRUST,MAIN,5180,Real Estate Investment Trusts,1.490b,0.55,30.62,7.36,1.84
CLOUD,CLOUDARON GROUP BERHAD,LEAP,03001,Digital Services,24.94m,0.03,-,0.00,-
CLOUDPT,CLOUDPOINT TECHNOLOGY BERHAD,ACE,0277,Digital Services,324.28m,0.61,-,0.00,-
CME,CME GROUP BERHAD,MAIN,7018,Industrial Services,31.01m,0.03,-,0.00,-
CMSB,CAHYA MATA SARAWAK BERHAD,MAIN,2852,Building Materials,1.203b,1.12,4.71,2.68,7.98
CNASIA,CN ASIA CORPORATION BHD,MAIN,7986,"Industrial Materials, Components & Equipment",48.93m,0.20,-,0.00,-
CNERGEN,CNERGENZ BERHAD,ACE,0246,Technology Equipment,308.76m,0.62,14.39,2.26,13.47
CNH,CITRA NUSA HOLDINGS BERHAD,MAIN,5104,Consumer Services,36.00m,0.05,-,0.00,-3.00
CNOUHUA,CHINA OUHUA WINERY HOLDINGS LIMITED,MAIN,5188,Food & Beverages,40.08m,0.06,-,0.00,-17.87
COASTAL,COASTAL CONTRACTS BHD,MAIN,5071,"Energy Infrastructure, Equipment & Services",1.050b,1.92,2.73,0.00,20.66
COMCORP,COMINTEL CORPORATION BHD,MAIN,7195,"Industrial Materials, Components & Equipment",512.55m,1.34,19.65,0.00,46.08
COMFORT,COMFORT GLOVES BERHAD,MAIN,2127,"Industrial Materials, Components & Equipment",212.78m,0.37,-,0.00,-7.97
COMPUGT,COMPUGATES HOLDINGS BERHAD,MAIN,5037,Industrial Services,55.00m,0.01,-,0.00,-8.50
CORAZA,CORAZA INTEGRATED TECHNOLOGY BERHAD,ACE,0240,Industrial Engineering,291.24m,0.59,26.46,0.00,10.62
COSMOS,COSMOS TECHNOLOGY INTERNATIONAL BERHAD,ACE,0261,Industrial Services,101.32m,0.40,35.27,1.27,5.57
CRESBLD,CREST BUILDER HOLDINGS BERHAD,MAIN,8591,Construction,81.38m,0.46,-,0.00,-6.27
CRESNDO,CRESCENDO CORPORATION BERHAD,MAIN,6718,Property,378.62m,1.35,20.24,3.70,1.98
CRG,CARLO RINO GROUP BERHAD,LEAP,03016,Personal Goods,185.30m,0.23,-,4.35,-
CSCENIC,CLASSIC SCENIC BERHAD,MAIN,7202,Household Goods,166.93m,0.44,13.92,8.33,7.90
CSCSTEL,CSC STEEL HOLDINGS BERHAD,MAIN,5094,Metals,444.60m,1.17,27.59,2.56,1.77
CSH,CSH ALLIANCE BERHAD,MAIN,7165,Building Materials,89.79m,0.07,-,0.00,-6.94
CTOS,CTOS DIGITAL BERHAD,MAIN,5301,Digital Services,3.211b,1.39,43.30,1.35,13.96
CUSCAPI,CUSCAPI BERHAD,MAIN,0051,Software,174.80m,0.19,-,0.00,-
CVIEW,COUNTRY VIEW BERHAD,MAIN,5049,Property,104.00m,1.04,20.31,6.73,1.25
CWG,CWG HOLDINGS BERHAD,MAIN,9423,Consumer Services,52.53m,0.32,8.79,1.56,5.69
CYBERE,CYBERJAYA EDUCATION GROUP BERHAD,MAIN,5166,Consumer Services,167.90m,0.10,-,0.00,-
CYL,CYL CORPORATION BERHAD,MAIN,7157,Packaging Materials,52.00m,0.52,-,1.92,-1.32
CYPARK,CYPARK RESOURCES BERHAD,MAIN,5184,Industrial Services,707.40m,0.89,-,0.00,-
D&O,D&O GREEN TECHNOLOGIES BERHAD,MAIN,7204,Semiconductors,4.099b,3.31,132.93,0.39,3.64
DANCO,DANCOMECH HOLDINGS BERHAD,MAIN,5276,"Industrial Materials, Components & Equipment",183.66m,0.42,8.92,4.82,10.11
DATAPRP,DATAPREP HOLDINGS BHD,MAIN,8338,Digital Services,110.70m,0.15,-,0.00,-29.11
DAY3,DAYTHREE DIGITAL BERHAD,ACE,0281,Consumer Services,168.00m,0.35,-,0.00,-
DAYANG,DAYANG ENTERPRISE HOLDINGS BERHAD,MAIN,5141,"Energy Infrastructure, Equipment & Services",2.119b,1.83,18.08,1.64,7.73
DCHCARE,DC HEALTHCARE HOLDINGS BERHAD,ACE,0283,Health Care Providers,488.19m,0.49,-,0.00,-
DELEUM,DELEUM BERHAD,MAIN,5132,"Energy Infrastructure, Equipment & Services",399.55m,1.00,9.00,5.28,11.29
DESTINI,DESTINI BERHAD,MAIN,7212,Industrial Engineering,174.67m,0.11,-,0.00,-30.69
DFCITY,DFCITY GROUP BERHAD,MAIN,5165,Building Materials,31.68m,0.30,-,0.00,-2.59
DFX,DIVFEX BERHAD,ACE,0131,Digital Services,89.49m,0.12,17.39,0.00,0.17
DGB,DGB ASIA BERHAD,ACE,0152,Software,26.35m,0.14,-,0.00,-116.50
DIALOG,DIALOG GROUP BERHAD,MAIN,7277,"Energy Infrastructure, Equipment & Services",11.574b,2.05,22.68,1.66,9.15
DIGISTA,DIGISTAR CORPORATION BERHAD,MAIN,0029,Digital Services,30.38m,0.07,-,0.00,-265.00
DIN045801028,DANAINFRA NASIONAL-ETBS4.58%1028,,0400GB,Islamic-gg,103.00m,103.00,-,0.00,-
DKLS,DKLS INDUSTRIES BHD,MAIN,7528,Construction,195.60m,2.11,13.00,1.42,3.53
DKSH,DKSH HOLDINGS (MALAYSIA) BERHAD,MAIN,5908,Consumer Services,745.72m,4.73,7.00,6.77,12.65
DLADY,DUTCH LADY MILK INDUSTRIES BERHAD,MAIN,3026,Food & Beverages,1.440b,22.50,38.98,2.22,8.93
DNEX,DAGANG NEXCHANGE BERHAD,MAIN,4456,Digital Services,1.357b,0.43,-,1.40,-
DNONCE,D'NONCE TECHNOLOGY BHD,MAIN,7114,Packaging Materials,56.48m,0.13,-,0.00,-3.57
DOLPHIN,DOLPHIN INTERNATIONAL BERHAD,MAIN,5265,"Industrial Materials, Components & Equipment",31.44m,0.24,-,0.00,-253.60
DOMINAN,DOMINANT ENTERPRISE BERHAD,MAIN,7169,Wood & Wood Products,126.41m,0.77,11.61,3.92,3.07
DPHARMA,DUOPHARMA BIOTECH BERHAD,MAIN,7148,Pharmaceuticals,1.164b,1.21,16.95,1.90,10.20
DPIH,DPI HOLDINGS BERHAD,ACE,0205,Household Goods,146.02m,0.20,50.00,2.00,3.33
DPS,DPS RESOURCES BERHAD,MAIN,7198,Property,89.58m,0.64,20.03,0.00,13.78
DRBHCOM,DRB-HICOM BERHAD,MAIN,1619,Automotive,2.687b,1.39,14.48,1.44,2.48
DSONIC,DATASONIC GROUP BERHAD,MAIN,5216,Digital Services,1.348b,0.46,16.19,4.40,22.30
DSR,DSR TAIKO BERHAD,LEAP,03055,Plantation,326.48m,1.00,-,0.00,-
DSS,DS SIGMA HOLDINGS BERHAD,ACE,0269,Packaging Materials,192.00m,0.40,23.53,1.88,7.73
DUFU,DUFU TECHNOLOGY CORP. BERHAD,MAIN,7233,"Industrial Materials, Components & Equipment",919.57m,1.69,27.35,3.85,9.66
DUTALND,DUTALAND BERHAD,MAIN,3948,Plantation,279.22m,0.33,27.05,0.00,0.84
DXN,DXN HOLDINGS BHD.,MAIN,5318,Retailers,3.415b,0.69,-,1.17,-
DYNAFNT,DYNAFRONT HOLDINGS BERHAD,LEAP,03046,Software,96.12m,0.89,-,2.02,-
E&O,EASTERN & ORIENTAL BERHAD,MAIN,3417,Property,1.128b,0.61,14.25,0.00,3.17
EAH,EA HOLDINGS BERHAD,ACE,0154,Digital Services,64.52m,0.01,-,0.00,-
EATECH,E.A.TECHNIQUE (M) BERHAD,MAIN,5259,Transportation & Logistics Services,137.93m,0.26,3.14,0.00,82.80
ECA,ECA INTEGRATED SOLUTION BERHAD,ACE,0267,Technology Equipment,459.11m,0.80,33.26,0.00,23.90
ECM,ECM LIBRA GROUP BERHAD,MAIN,2143,Other Financials,105.58m,0.22,3.60,0.00,15.28
ECOFIRS,ECOFIRST CONSOLIDATED BHD,MAIN,3557,Property,416.73m,0.35,31.08,0.00,2.63
ECOHLDS,ECOBUILT HOLDINGS BERHAD,MAIN,0059,Telecommunications Service Providers,35.76m,0.09,-,0.00,-36.92
ECOMATE,ECOMATE HOLDINGS BERHAD,MAIN,0239,Household Goods,254.20m,0.71,46.71,0.70,12.67
ECONBHD,ECONPILE HOLDINGS BERHAD,MAIN,5253,Construction,496.13m,0.35,-,0.00,-4.11
ECOWLD,ECO WORLD DEVELOPMENT GROUP BERHAD,MAIN,8206,Property,3.121b,1.06,16.61,4.72,3.89
EDARAN,EDARAN BERHAD,MAIN,5036,Technology Equipment,31.20m,0.52,15.38,3.37,6.72
EDELTEQ,EDELTEQ HOLDINGS BHD,ACE,0278,Technology Equipment,207.69m,0.39,-,0.00,-
EDEN,EDEN INC. BERHAD,MAIN,7471,Electricity,82.69m,0.18,3.17,0.00,10.12
EDGENTA,UEM EDGENTA BERHAD,MAIN,1368,Industrial Services,856.57m,1.03,17.46,3.88,3.04
EDUSPEC,EDUSPEC HOLDINGS BERHAD,ACE,0107,Software,69.30m,0.07,30.95,0.00,0.99
EFFICEN,EFFICIENT E-SOLUTIONS BERHAD,MAIN,0064,Industrial Services,127.64m,0.18,138.46,0.00,0.76
EFORCE,EXCEL FORCE MSC BERHAD,MAIN,0065,Software,215.36m,0.39,-,1.30,-
EFRAME,ECONFRAME BERHAD,ACE,0227,Building Materials,313.54m,0.89,26.18,0.56,14.32
EG,EG INDUSTRIES BERHAD,MAIN,8907,"Industrial Materials, Components & Equipment",622.18m,1.33,16.18,0.00,7.75
EIB,ECOSCIENCE INTERNATIONAL BERHAD,ACE,0255,Industrial Engineering,136.00m,0.40,-,0.00,-14.73
EIG,ESTHETICS INTERNATIONAL GROUP BERHAD,MAIN,5081,Personal Goods,72.34m,0.31,-,3.28,-0.43
EITA,EITA RESOURCES BERHAD,MAIN,5208,"Industrial Materials, Components & Equipment",180.78m,0.70,24.30,4.68,3.53
EKOVEST,EKOVEST BERHAD,MAIN,8877,Construction,1.586b,0.54,-,0.00,-4.35
EKSONS,EKSONS CORPORATION BERHAD,MAIN,9016,Wood & Wood Products,95.24m,0.58,16.52,0.00,1.46
ELKDESA,ELK-DESA RESOURCES BERHAD,MAIN,5228,Other Financials,595.80m,1.31,15.41,4.96,8.33
ELSOFT,ELSOFT RESEARCH BERHAD,MAIN,0090,Technology Equipment,360.95m,0.52,8.92,5.77,29.15
EMCC,EVERGREEN MAX CASH CAPITAL BERHAD,ACE,0286,Other Financials,479.41m,0.43,-,0.00,-
EMETALL,EONMETALL GROUP BERHAD,MAIN,7217,Metals,140.04m,0.50,-,2.50,-0.38
EMICO,EMICO HOLDINGS BERHAD,MAIN,9091,Consumer Services,37.40m,0.30,17.54,0.00,4.28
ENCORP,ENCORP BERHAD,MAIN,6076,Property,85.50m,0.27,-,0.00,-4.59
ENEST,ENEST GROUP BERHAD,LEAP,03025,Consumer Services,65.10m,0.14,-,0.00,-
ENGKAH,ENG KAH CORPORATION BERHAD,MAIN,7149,Household Goods,44.89m,0.38,-,0.00,-4.30
ENGTEX,ENGTEX GROUP BERHAD,MAIN,5056,Metals,274.86m,0.62,62.00,0.00,0.54
ENRA,ENRA GROUP BERHAD,MAIN,8613,Property,78.32m,0.58,-,0.00,-24.23
EPICON,EPICON BERHAD,MAIN,4847,"Travel, Leisure & Hospitality",148.70m,0.25,31.25,0.00,-
EPMB,EP MANUFACTURING BHD,MAIN,7773,Auto Parts,177.33m,0.81,9.53,0.00,6.04
ESAFE,EVERSAFE RUBBER BERHAD,ACE,0190,Auto Parts,52.93m,0.22,-,3.64,-1.15
ESCERAM,ES CERAMICS TECHNOLOGY BHD,ACE,0100,"Industrial Materials, Components & Equipment",127.92m,0.23,5.33,0.00,13.61
ETH,EQUITIESTRACKER HOLDINGS BERHAD,LEAP,03021,Consumer Services,58.93m,0.20,-,0.00,-
EUPE,EUPE CORPORATION BERHAD,MAIN,6815,Property,112.00m,0.88,4.96,2.06,5.07
EURO,EURO HOLDINGS BERHAD,MAIN,7208,Consumer Services,96.29m,0.08,-,0.00,-
EUROSP,EUROSPAN HOLDINGS BERHAD,MAIN,7094,Household Goods,61.30m,1.38,-,0.00,-18.55
EVD,EVD BERHAD,ACE,0174,Software,51.54m,0.13,9.92,0.00,4.06
EVERGRN,EVERGREEN FIBREBOARD BERHAD,MAIN,5101,Wood & Wood Products,287.78m,0.34,-,0.00,-7.36
EWEIN,EWEIN BERHAD,MAIN,7249,Property,380.00m,1.26,268.09,0.00,0.57
EWINT,ECO WORLD INTERNATIONAL BERHAD,MAIN,5283,Property,864.00m,0.36,-,91.67,-5.75
F&N,FRASER & NEAVE HOLDINGS BHD,MAIN,3689,Food & Beverages,9.169b,25.00,18.40,2.40,15.47
FACBIND,FACB INDUSTRIES INCORPORATED BERHAD,MAIN,2984,Metals,104.75m,1.23,14.95,2.11,3.19
FAJAR,FAJARBARU BUILDER GROUP BHD,MAIN,7047,Construction,212.24m,0.29,-,3.51,-3.92
FAREAST,FAR EAST HOLDINGS BERHAD,MAIN,5029,Plantation,2.197b,3.70,19.69,4.86,8.13
FARLIM,FARLIM GROUP (MALAYSIA) BHD,MAIN,6041,Property,37.89m,0.23,-,0.00,-5.29
FAST,FAST ENERGY HOLDINGS BERHAD,ACE,0084,"Industrial Materials, Components & Equipment",24.76m,0.12,-,0.00,-8.69
FAVCO,FAVELLE FAVCO BERHAD,MAIN,7229,Industrial Engineering,422.86m,1.80,9.50,49.44,6.04
FBBHD,FIBROMAT (M) BERHAD,LEAP,03026,Industrial Services,60.48m,0.28,-,5.00,-
FCW,FCW HOLDINGS BERHAD,MAIN,2755,Household Goods,267.49m,1.07,-,0.00,-
FFB,FARM FRESH BERHAD,MAIN,5306,Food & Beverages,2.228b,1.19,54.09,0.84,6.47
FGV,FGV HOLDINGS BERHAD,MAIN,5222,Plantation,4.925b,1.35,8.51,11.11,9.85
FIAMMA,FIAMMA HOLDINGS BERHAD,MAIN,6939,Household Goods,485.16m,0.92,-,0.00,-
FIBON,FIBON BERHAD,MAIN,0149,"Industrial Materials, Components & Equipment",44.10m,0.45,9.00,2.78,8.33
FIHB,FEDERAL INTERNATIONAL HOLDINGS BERHAD,MAIN,8605,Household Goods,76.10m,0.53,5.42,1.14,9.90
FIMACOR,FIMA CORPORATION BERHAD,MAIN,3107,Industrial Services,434.11m,1.77,16.11,7.06,4.45
FINTEC,FINTEC GLOBAL BERHAD,ACE,0150,Other Financials,29.62m,0.01,-,0.00,-15.00
FITTERS,FITTERS DIVERSIFIED BERHAD,MAIN,9318,"Industrial Materials, Components & Equipment",99.33m,0.04,-,0.00,-17.09
FLBHD,FOCUS LUMBER BERHAD,MAIN,5197,Wood & Wood Products,112.91m,0.49,13.84,10.20,4.21
FLEXI,FLEXIDYNAMIC HOLDINGS BERHAD,ACE,0231,Industrial Services,42.70m,0.15,-,0.00,-9.08
FM,FM GLOBAL LOGISTICS HOLDINGS BERHAD,MAIN,7210,Transportation & Logistics Services,323.90m,0.58,7.71,6.90,10.90
FOCUS,FOCUS DYNAMICS GROUP BERHAD,ACE,0116,"Travel, Leisure & Hospitality",63.72m,0.01,-,0.00,-8.75
FOCUSP,FOCUS POINT HOLDINGS BERHAD,MAIN,0157,Personal Goods,362.67m,0.79,11.06,2.73,30.34
FPGROUP,FOUNDPAC GROUP BERHAD,MAIN,5277,"Industrial Materials, Components & Equipment",218.69m,0.40,24.10,3.75,8.47
FPI,FORMOSA PROSONIC INDUSTRIES BERHAD,MAIN,9172,Household Goods,693.81m,2.70,7.84,7.78,19.12
FRONTKN,FRONTKEN CORPORATION BERHAD,MAIN,0128,Semiconductors,4.962b,3.14,41.32,1.34,20.54
FSBM,FSBM HOLDINGS BERHAD,MAIN,9377,Technology Equipment,85.32m,0.24,24.00,0.00,14.29
G3,G3 GLOBAL BERHAD,MAIN,7184,Personal Goods,75.47m,0.02,-,0.00,-6.00
GADANG,GADANG HOLDINGS BHD,MAIN,9261,Construction,240.26m,0.33,-,2.12,-3.70
GAMUDA,GAMUDA BERHAD,MAIN,5398,Construction,12.001b,4.45,6.53,2.70,16.79
GASMSIA,GAS MALAYSIA BERHAD,MAIN,5209,"Gas, Water & Multi-utilities",3.929b,3.06,10.24,7.44,30.62
GBGAQRS,GABUNGAN AQRS BERHAD,MAIN,5226,Construction,206.70m,0.38,-,0.00,-
GCAP,G CAPITAL BERHAD,MAIN,7676,Transportation & Logistics Services,130.09m,0.40,-,0.00,-16.24
GCB,GUAN CHONG BERHAD,MAIN,5102,Food & Beverages,2.585b,2.20,25.11,1.59,5.93
GCE,GRAND CENTRAL ENTERPRISES BHD,MAIN,5592,"Travel, Leisure & Hospitality",65.01m,0.33,-,0.00,-2.19
GDB,GDB HOLDINGS BERHAD,MAIN,0198,Construction,182.81m,0.20,22.94,0.00,5.00
GDEX,GDEX BERHAD,MAIN,0078,Transportation & Logistics Services,1.072b,0.19,-,0.79,-6.88
GENETEC,GENETEC TECHNOLOGY BERHAD,ACE,0104,Technology Equipment,1.884b,2.49,26.07,0.00,17.36
GENM,GENTING MALAYSIA BERHAD,MAIN,4715,"Travel, Leisure & Hospitality",14.608b,2.46,-,6.10,-2.68
GENP,GENTING PLANTATIONS BERHAD,MAIN,2291,Plantation,4.738b,5.28,19.65,6.44,4.49
GENTING,GENTING BERHAD,MAIN,3182,"Travel, Leisure & Hospitality",15.818b,4.08,72.60,3.92,0.65
GESHEN,GE-SHEN CORPORATION BERHAD,MAIN,7197,"Industrial Materials, Components & Equipment",150.97m,1.24,20.33,0.00,5.40
GFM,GFM SERVICES BERHAD,ACE,0039,Industrial Services,134.64m,0.20,6.57,2.05,13.50
GHLSYS,GHL SYSTEMS BERHAD,MAIN,0021,Digital Services,918.91m,0.81,30.84,3.11,5.62
GIIB,GIIB HOLDINGS BERHAD,MAIN,7192,Auto Parts,53.22m,0.09,-,0.00,-
GKENT,GEORGE KENT (MALAYSIA) BERHAD,MAIN,3204,Construction,276.00m,0.49,-,4.08,-0.84
GLBHD,GOLDEN LAND BERHAD,MAIN,7382,Plantation,60.19m,0.27,-,0.00,-8.20
GLOMAC,GLOMAC BERHAD,MAIN,5020,Property,292.03m,0.37,9.66,3.42,2.44
GLOTEC,GLOBALTEC FORMATION BERHAD,MAIN,5220,"Industrial Materials, Components & Equipment",160.13m,0.60,15.74,3.03,3.60
GLXT,GLOSTREXT BERHAD,ACE,0284,Industrial Services,85.48m,0.21,-,0.00,-
GMUTUAL,GROMUTUAL BERHAD,MAIN,9962,Property,108.93m,0.29,9.21,3.45,3.03
GOB,GLOBAL ORIENTAL BERHAD,MAIN,1147,Property,97.76m,0.22,-,0.00,-0.82
GOCEAN,GREEN OCEAN CORPORATION BERHAD,ACE,0074,Food & Beverages,21.12m,0.01,-,0.00,-
GOINNO,GO INNOVATE ASIA BERHAD,LEAP,03028,Metals,105.01m,0.35,-,0.00,-
GOLDETF,TRADEPLUS SHARIAH GOLD TRACKER,ETF,0828EA,Commodity Fund,52.29m,2.71,-,0.00,-
GOPENG,GOPENG BERHAD,MAIN,2135,Plantation,135.17m,0.34,-,2.99,-1.20
GPACKET,GREEN PACKET BERHAD,MAIN,0082,Telecommunications Service Providers,90.12m,0.05,-,0.00,-
GPHAROS,GOLDEN PHAROS BERHAD,MAIN,5649,Wood & Wood Products,40.12m,0.29,3.41,8.95,15.18
GPP,GPP RESOURCES BERHAD,LEAP,03029,Industrial Services,43.43m,0.28,-,0.00,-
GREATEC,GREATECH TECHNOLOGY BERHAD,MAIN,0208,Technology Equipment,5.265b,4.20,36.59,0.00,21.83
GREENYB,GREENYIELD BERHAD,MAIN,0136,Agricultural Products,100.32m,0.19,4.02,0.00,17.16
GTRONIC,GLOBETRONICS TECHNOLOGY BERHAD,MAIN,7022,Semiconductors,993.65m,1.48,28.24,4.05,11.64
GUH,GUH HOLDINGS BERHAD,MAIN,3247,"Industrial Materials, Components & Equipment",109.73m,0.39,-,0.00,-2.15
GUOCO,GUOCOLAND (MALAYSIA) BERHAD,MAIN,1503,Property,497.33m,0.71,14.37,2.82,2.47
HAILY,HAILY GROUP BERHAD,ACE,0237,Construction,70.44m,0.40,10.76,2.84,7.98
HANDAL,HANDAL ENERGY BERHAD,MAIN,7253,"Energy Infrastructure, Equipment & Services",24.01m,0.09,-,0.00,-
HAPSENG,HAP SENG CONSOLIDATED BERHAD,MAIN,3034,Diversified Industrials,11.926b,4.79,8.68,6.26,16.78
HARBOUR,HARBOUR-LINK GROUP BERHAD,MAIN,2062,Transportation & Logistics Services,460.46m,1.15,3.04,4.35,20.32
HARISON,HARRISONS HOLDINGS (MALAYSIA) BERHAD,MAIN,5008,Food & Beverages,582.16m,8.50,8.02,5.88,16.07
HARNLEN,HARN LEN CORPORATION BHD,MAIN,7501,Plantation,444.02m,0.76,-,0.00,-
HARTA,HARTALEGA HOLDINGS BERHAD,MAIN,5168,Health Care Equipment & Services,7.095b,2.07,-,27.54,-7.81
HBGLOB,HB GLOBAL LIMITED,MAIN,5187,Food & Beverages,89.93m,0.12,-,0.00,-80.69
HCK,HCK CAPITAL GROUP BERHAD,MAIN,7105,Property,1.098b,2.15,60.73,0.00,5.90
HEIM,HEINEKEN MALAYSIA BERHAD,MAIN,3255,Food & Beverages,7.287b,24.12,17.61,5.72,105.36
HEKTAR,HEKTAR REAL ESTATE INVESTMENT TRUST,MAIN,5121,Real Estate Investment Trusts,306.75m,0.62,4.35,13.01,11.61
HENGYUAN,HENGYUAN REFINING COMPANY BERHAD,MAIN,4324,Oil & Gas Producers,939.00m,3.13,-,3.19,-68.90
HEVEA,HEVEABOARD BERHAD,MAIN,5095,Wood & Wood Products,193.03m,0.34,-,3.53,-1.26
HEXCARE,HEXTAR HEALTHCARE BERHAD,MAIN,7803,Health Care Equipment & Services,235.04m,0.22,-,0.00,-10.57
HEXIND,HEXTAR INDUSTRIES BERHAD,ACE,0161,"Industrial Materials, Components & Equipment",1.099b,0.40,-,2.50,-
HEXTAR,HEXTAR GLOBAL BERHAD,MAIN,5151,Chemicals,2.974b,0.76,82.97,1.32,15.17
HEXTECH,HEXTAR TECHNOLOGIES SOLUTIONS BERHAD,MAIN,5136,Transportation & Logistics Services,3.165b,24.60,1033.61,1.63,2.48
HEXZA,HEXZA CORPORATION BERHAD,MAIN,3298,Chemicals,192.36m,0.96,31.48,4.17,1.76
HHHCORP,HIAP HUAT HOLDINGS BERHAD,ACE,0160,Industrial Services,49.89m,0.13,9.40,0.00,6.05
HHRG,HHRG BERHAD,ACE,0175,"Industrial Materials, Components & Equipment",199.13m,0.23,7.69,0.00,13.00
HIAPTEK,HIAP TECK VENTURE BERHAD,MAIN,5072,Metals,786.47m,0.45,25.42,2.22,2.39
HIBISCS,HIBISCUS PETROLEUM BERHAD,MAIN,5199,Oil & Gas Producers,2.093b,1.04,5.23,1.92,14.85
HIGHTEC,KUMPULAN H & L HIGH-TECH BERHAD,MAIN,7033,Industrial Engineering,107.22m,0.88,14.43,3.41,5.52
HIL,HIL INDUSTRIES BERHAD,MAIN,8443,Chemicals,334.04m,1.00,12.08,2.00,6.47
HLBANK,HONG LEONG BANK BERHAD,MAIN,5819,Banking,41.880b,19.32,10.97,3.05,10.62
HLCAP,HONG LEONG CAPITAL BERHAD,MAIN,5274,Other Financials,1.313b,5.32,26.34,3.20,4.94
HLFG,HONG LEONG FINANCIAL GROUP BERHAD,MAIN,1082,Banking,19.944b,17.38,7.14,2.82,10.30
HLIND,HONG LEONG INDUSTRIES BERHAD,MAIN,3301,Automotive,2.905b,8.86,10.00,6.43,13.74
HLT,HLT GLOBAL BERHAD,ACE,0188,"Industrial Materials, Components & Equipment",120.19m,0.16,-,0.00,-43.50
HM,HARVEST MIRACLE CAPITAL BERHAD,ACE,0060,Technology Equipment,159.20m,0.13,-,0.00,-8.55
HOHUP,HO HUP CONSTRUCTION COMPANY BHD,MAIN,5169,Construction,150.93m,0.31,-,0.00,-5.35
HOMERIZ,HOMERITZ CORPORATION BERHAD,MAIN,5160,Household Goods,226.99m,0.49,7.81,4.08,10.63
HONGSENG,HONG SENG CONSOLIDATED BERHAD,MAIN,0041,Software,229.88m,0.05,-,0.00,-
HPMT,HPMT HOLDINGS BERHAD,MAIN,5291,"Industrial Materials, Components & Equipment",121.54m,0.37,17.21,2.30,5.00
HPPHB,HPP HOLDINGS BERHAD,ACE,0228,Packaging Materials,147.60m,0.38,15.83,3.95,7.74
HSPLANT,HAP SENG PLANTATIONS HOLDINGS BERHAD,MAIN,5138,Plantation,1.504b,1.88,20.17,6.38,3.92
HSSEB,HSS ENGINEERS BERHAD,MAIN,0185,Industrial Engineering,404.22m,0.82,22.21,1.13,7.34
HTPADU,HEITECH PADU BERHAD,MAIN,5028,Digital Services,65.29m,0.65,-,0.00,-28.79
HUAYANG,HUA YANG BERHAD,MAIN,5062,Property,132.00m,0.30,26.55,0.00,1.11
HUBLINE,HUBLINE BERHAD,MAIN,7013,Transportation & Logistics Services,171.60m,0.04,26.67,0.00,3.75
HUMEIND,HUME CEMENT INDUSTRIES BERHAD,MAIN,5000,Building Materials,869.16m,1.70,14.48,0.00,13.98
HUPSENG,HUP SENG INDUSTRIES BERHAD,MAIN,5024,Food & Beverages,548.00m,0.69,15.82,4.38,24.06
HWATAI,HWA TAI INDUSTRIES BERHAD,MAIN,8478,Food & Beverages,32.93m,0.44,-,0.00,-24.65
HWGB,HO WAH GENTING BERHAD,MAIN,9601,"Industrial Materials, Components & Equipment",47.79m,0.25,-,0.00,-
IBHD,I-BERHAD,MAIN,4251,Property,492.18m,0.27,18.66,0.75,2.25
IBRACO,IBRACO BERHAD,MAIN,5084,Property,305.79m,0.56,6.90,3.57,9.53
ICAP,ICAPITAL.BIZ BERHAD,MAIN,5108,Closed End Fund,354.20m,2.53,202.40,0.00,0.37
ICON,ICON OFFSHORE BERHAD,MAIN,5255,"Energy Infrastructure, Equipment & Services",324.78m,0.12,2.01,0.00,42.64
ICONIC,ICONIC WORLDWIDE BERHAD,MAIN,9113,"Travel, Leisure & Hospitality",64.67m,0.12,-,0.00,-17.03
ICTZONE,ICT ZONE ASIA BERHAD,LEAP,03038,Technology Equipment,118.67m,0.21,-,0.00,-
IDBTECH,IDB TECHNOLOGIES BERHAD,LEAP,03030,Software,100.00m,0.20,-,1.00,-
IDEAL,IDEAL CAPITAL BERHAD,MAIN,9687,Property,1.050b,2.10,25.39,0.48,6.48
IFCAMSC,IFCA MSC BERHAD,ACE,0023,Software,179.45m,0.30,92.19,0.00,1.60
IGBB,IGB BERHAD,MAIN,5606,Property,2.934b,2.16,12.50,2.31,5.88
IGBCR,IGB COMMERCIAL REAL ESTATE INVESTMENT TRUST,MAIN,5299,Real Estate Investment Trusts,1.167b,0.50,19.41,6.91,2.61
IGBREIT,IGB REAL ESTATE INVESTMENT TRUST,MAIN,5227,Real Estate Investment Trusts,6.008b,1.67,14.86,5.90,10.43
IHB,INFRAHARTA HOLDINGS BERHAD,MAIN,7240,Construction,37.92m,0.10,-,0.00,-36.50
IHH,IHH HEALTHCARE BERHAD,MAIN,5225,Health Care Providers,51.433b,5.84,24.08,1.20,7.77
IHS046000824,IHSAN SUKUK-ETBS 4.60%0824,,0401GA,Islamic-gg,-,101.30,-,-,-
IJM,IJM CORPORATION BERHAD,MAIN,3336,Construction,6.784b,1.86,30.10,4.30,2.22
ILB,ILB GROUP BERHAD,MAIN,5614,Transportation & Logistics Services,126.77m,0.65,10.71,0.00,5.06
IMASPRO,IMASPRO CORPORATION BERHAD,MAIN,7222,Chemicals,450.40m,5.63,269.38,0.62,1.34
IMPIANA,IMPIANA HOTELS BERHAD,MAIN,7243,Food & Beverages,68.13m,0.09,-,0.00,-
INARI,INARI AMERTRON BERHAD,MAIN,0166,Semiconductors,10.595b,2.83,32.75,2.90,12.40
INCKEN,INCH KENNETH KAJANG RUBBER PUBLIC LTD CO,MAIN,2607,Plantation,176.72m,0.42,-,0.00,-1.62
INFOM,INFOMINA BERHAD,ACE,0265,Technology Equipment,955.99m,1.59,23.38,0.00,35.79
INFOTEC,INFOLINE TEC GROUP BERHAD,ACE,0253,Digital Services,276.05m,0.76,16.49,2.91,30.73
INGENIEU,INGENIEUR GUDANG BERHAD,MAIN,5178,Metals,165.91m,0.12,6.61,0.00,16.26
INNATURE,INNATURE BERHAD,MAIN,5295,Personal Goods,289.41m,0.41,18.06,7.32,11.35
INNITY,INNITY CORPORATION BERHAD,ACE,0147,Media,80.16m,0.58,-,0.00,-8.19
INNO,INNOPRISE PLANTATIONS BERHAD,MAIN,6262,Plantation,593.78m,1.24,13.33,14.92,15.00
INSAS,INSAS BERHAD,MAIN,3379,Other Financials,610.15m,0.88,4.97,2.84,5.01
INTA,INTA BINA GROUP BERHAD,MAIN,0192,Construction,142.05m,0.27,10.19,2.83,8.67
IOICORP,IOI CORPORATION BERHAD,MAIN,1961,Plantation,24.701b,3.93,22.17,2.80,9.69
IOIPG,IOI PROPERTIES GROUP BERHAD,MAIN,5249,Property,9.746b,1.77,7.00,2.82,6.25
IQGROUP,IQ GROUP HOLDINGS BERHAD,MAIN,5107,Household Goods,74.82m,0.85,9.27,0.00,6.24
IQZAN,IQZAN HOLDING BERHAD,MAIN,7183,Packaging Materials,1.11m,0.01,-,0.00,0.00
IREKA,IREKA CORPORATION BERHAD,MAIN,8834,Construction,113.89m,0.50,1.54,0.00,-
IRIS,IRIS CORPORATION BERHAD,ACE,0010,Software,244.72m,0.08,8.24,0.00,8.35
ITMAX,ITMAX SYSTEM BERHAD,MAIN,5309,Digital Services,1.872b,1.82,33.77,0.44,17.97
ITRONIC,INDUSTRONICS BERHAD,MAIN,9393,Technology Equipment,28.30m,0.04,-,0.00,-
IVORY,IVORY PROPERTIES GROUP BERHAD,MAIN,5175,Property,39.21m,0.08,-,0.00,-124.65
IWCITY,ISKANDAR WATERFRONT CITY BERHAD,MAIN,1589,Property,621.76m,0.68,-,0.00,-3.85
JADEM,JADE MARVEL GROUP BERHAD,MAIN,7043,Building Materials,80.48m,0.19,-,0.00,-6.05
JADI,JADI IMAGING HOLDINGS BERHAD,MAIN,7223,Consumer Services,104.96m,0.08,-,0.00,-8.89
JAG,JAG BERHAD,ACE,0024,Industrial Services,187.06m,0.30,33.52,0.00,2.57
JAKS,JAKS RESOURCES BERHAD,MAIN,4723,Construction,497.67m,0.21,9.91,0.00,3.21
JASKITA,JASA KITA BERHAD,MAIN,8648,"Industrial Materials, Components & Equipment",62.94m,0.14,-,0.00,-1.57
JAYCORP,JAYCORP BERHAD,MAIN,7152,Household Goods,204.50m,0.75,10.15,8.05,10.34
JCBNEXT,JCBNEXT BERHAD,MAIN,0058,Industrial Services,211.25m,1.60,7.17,3.75,7.89
JCY,JCY INTERNATIONAL BERHAD,MAIN,5161,Technology Equipment,382.81m,0.18,-,0.00,-18.19
JETSON,KUMPULAN JETSON BERHAD,MAIN,9083,Auto Parts,52.25m,0.20,-,0.00,-20.40
JFTECH,JF TECHNOLOGY BERHAD,MAIN,0146,Technology Equipment,1.010b,1.09,83.21,0.92,9.10
JHM,JHM CONSOLIDATION BERHAD,MAIN,0127,Semiconductors,463.59m,0.77,39.84,0.00,3.69
JIANKUN,JIANKUN INTERNATIONAL BERHAD,MAIN,8923,Property,70.30m,0.20,-,0.00,-18.12
JISHAN,JISHAN BERHAD,LEAP,03040,Packaging Materials,98.76m,0.42,-,0.00,-
JKGLAND,JKG LAND BERHAD,MAIN,6769,Property,216.12m,0.10,11.73,0.00,3.38
JOE,JOE HOLDING BERHAD,MAIN,7096,Auto Parts,45.89m,0.02,-,0.00,-7.00
JOHAN,JOHAN HOLDINGS BERHAD,MAIN,3441,Other Financials,58.40m,0.05,-,0.00,-18.40
JSB,JENTAYU SUSTAINABLES BERHAD,MAIN,5673,Industrial Services,403.41m,0.96,-,0.00,-3.90
JTIASA,JAYA TIASA HOLDINGS BHD,MAIN,4383,Plantation,832.53m,0.86,5.42,3.74,11.03
K1,K-ONE TECHNOLOGY BERHAD,ACE,0111,Technology Equipment,120.64m,0.15,76.32,0.00,1.37
KAB,KINERGY ADVANCEMENT BERHAD,MAIN,0193,Industrial Engineering,651.61m,0.34,88.16,0.00,5.43
KAMDAR,KAMDAR GROUP (M) BERHAD,MAIN,8672,Retailers,31.68m,0.16,-,0.00,-2.30
KANGER,KANGER INTERNATIONAL BERHAD,ACE,0170,Household Goods,71.49m,0.11,-,0.00,-
KAREX,KAREX BERHAD,MAIN,5247,Personal Goods,616.27m,0.59,59.09,0.85,2.20
KARYON,KARYON INDUSTRIES BERHAD,MAIN,0054,Chemicals,80.87m,0.17,18.89,2.06,3.60
KAWAN,KAWAN FOOD BERHAD,MAIN,7216,Food & Beverages,663.52m,1.83,20.33,1.97,8.18
KEINHIN,KEIN HING INTERNATIONAL BERHAD,MAIN,7199,Metals,155.73m,1.43,6.99,1.40,13.29
KEN,KEN HOLDINGS BERHAD,MAIN,7323,Property,116.95m,0.61,18.89,0.00,1.65
KENANGA,KENANGA INVESTMENT BANK BERHAD,MAIN,6483,Other Financials,632.76m,0.86,13.65,6.98,4.47
KERJAYA,KERJAYA PROSPEK GROUP BERHAD,MAIN,7161,Construction,1.749b,1.38,14.76,4.35,10.39
KESM,KESM INDUSTRIES BERHAD,MAIN,9334,Semiconductors,325.62m,7.57,-,0.99,-0.88
KEYASIC,KEY ASIC BERHAD,MAIN,0143,Semiconductors,118.45m,0.09,-,0.00,-16.67
KFIMA,KUMPULAN FIMA BERHAD,MAIN,6491,Diversified Industrials,499.55m,1.77,9.76,6.78,5.67
KGB,KELINGTON GROUP BERHAD,MAIN,0151,Industrial Engineering,951.12m,1.47,13.83,1.70,25.01
KGROUP,KEY ALLIANCE GROUP BERHAD,ACE,0036,Technology Equipment,18.39m,0.01,-,0.00,-19.29
KGW,KGW GROUP BERHAD,ACE,0282,Transportation & Logistics Services,94.15m,0.20,-,0.00,-
KHEESAN,KHEE SAN BERHAD,MAIN,6203,Food & Beverages,20.59m,0.15,12.00,0.00,-
KHIND,KHIND HOLDINGS BERHAD,MAIN,7062,Household Goods,110.56m,2.63,14.85,3.04,3.54
KHJB,KIM HIN JOO (MALAYSIA) BERHAD,ACE,0210,Retailers,60.80m,0.16,32.65,3.75,2.33
KIALIM,KIA LIM BERHAD,MAIN,6211,Building Materials,20.75m,0.34,-,0.00,-2.26
KIMHIN,KIM HIN INDUSTRY BERHAD,MAIN,5371,Building Materials,84.03m,0.54,-,0.00,-8.50
KIMLUN,KIMLUN CORPORATION BERHAD,MAIN,5171,Construction,288.00m,0.82,-,1.23,-1.34
KIPREIT,KIP REAL ESTATE INVESTMENT TRUST,MAIN,5280,Real Estate Investment Trusts,542.69m,0.90,8.92,6.93,9.22
KITACON,KUMPULAN KITACON BERHAD,MAIN,5310,Construction,330.00m,0.66,9.46,1.52,12.46
KKB,KKB ENGINEERING BERHAD,MAIN,9466,Industrial Engineering,409.99m,1.42,19.53,4.23,5.31
KLCC,KLCC PROPERTY HOLDINGS BERHAD,MAIN,5235SS,Real Estate Investment Trusts,12.204b,6.76,14.93,5.62,6.25
KLCI1XI,KENANGA KLCI DAILY (-1X) INVERSE ETF,ETF,0835EA,N/A,-,1.97,-,-,-
KLCI2XL,KENANGA KLCI DAILY 2X LEVERAGED ETF,ETF,0834EA,N/A,-,1.68,-,-,-
KLK,KUALA LUMPUR KEPONG BERHAD,MAIN,2445,Plantation,23.134b,21.40,19.60,4.67,8.14
KLUANG,KLUANG RUBBER COMPANY (MALAYA) BERHAD,MAIN,2453,Plantation,240.05m,3.80,12.33,0.71,2.70
KMLOONG,KIM LOONG RESOURCES BERHAD,MAIN,5027,Plantation,1.855b,1.91,12.49,7.85,17.18
KNM,KNM GROUP BERHAD,MAIN,7164,Other Energy Resources,687.80m,0.17,-,0.00,-
KNUSFOR,KNUSFORD BERHAD,MAIN,5035,Industrial Services,93.17m,0.94,-,0.00,-1.56
KOBAY,KOBAY TECHNOLOGY BERHAD,MAIN,6971,"Industrial Materials, Components & Equipment",616.48m,1.89,21.95,1.59,7.24
KOMARK,KOMARKCORP BERHAD,MAIN,7017,Packaging Materials,46.18m,0.04,-,0.00,-2.83
KOSSAN,KOSSAN RUBBER INDUSTRIES BERHAD,MAIN,7153,Health Care Equipment & Services,3.428b,1.34,-,1.87,-0.18
KOTRA,KOTRA INDUSTRIES BERHAD,MAIN,0002,Pharmaceuticals,763.82m,5.15,11.71,4.95,24.03
KPJ,KPJ HEALTHCARE BERHAD,MAIN,5878,Health Care Providers,5.251b,1.16,23.29,1.77,9.76
KPPROP,KERJAYA PROSPEK PROPERTY BERHAD,MAIN,7077,Property,306.11m,0.77,3.34,3.92,13.08
KPS,KUMPULAN PERANGSANG SELANGOR BERHAD,MAIN,5843,Diversified Industrials,378.86m,0.71,5.84,12.77,6.10
KPSCB,KPS CONSORTIUM BERHAD,MAIN,9121,Wood & Wood Products,88.62m,0.55,7.01,0.00,4.09
KRETAM,KRETAM HOLDINGS BERHAD,MAIN,1996,Plantation,1.362b,0.59,27.73,1.71,5.96
KRONO,KRONOLOGI ASIA BERHAD,ACE,0176,Digital Services,355.37m,0.40,14.04,0.00,4.75
KSENG,KECK SENG (MALAYSIA) BERHAD,MAIN,3476,Diversified Industrials,1.529b,4.23,7.08,3.31,8.41
KSL,KSL HOLDINGS BERHAD,MAIN,5038,Property,1.079b,1.04,3.43,0.00,8.82
KSSC,K.SENG SENG CORPORATION BERHAD,MAIN,5192,"Industrial Materials, Components & Equipment",175.71m,1.17,-,0.00,-0.74
KTC,KIM TECK CHEONG CONSOLIDATED BERHAD,MAIN,0180,Consumer Services,177.28m,0.26,8.12,0.00,11.43
KUB,KUB MALAYSIA BERHAD,MAIN,6874,Industrial Services,303.27m,0.55,8.92,3.67,6.57
KUCHAI,KUCHAI DEVELOPMENT BERHAD,MAIN,2186,Other Financials,162.11m,1.31,14.52,1.53,2.76
KYM,KYM HOLDINGS BERHAD,MAIN,8362,Packaging Materials,68.67m,0.45,5.31,0.00,11.78
L&G,LAND & GENERAL BERHAD,MAIN,3174,Property,371.64m,0.13,14.53,4.80,2.27
L&PBHD,L&P GLOBAL BERHAD,ACE,0268,Industrial Services,246.40m,0.44,14.29,1.14,19.25
LAGENDA,LAGENDA PROPERTIES BERHAD,MAIN,7179,Property,1.030b,1.23,6.74,5.28,14.49
LAMBO,LAMBO GROUP BERHAD,ACE,0018,Software,30.81m,0.02,-,0.00,-
LANDMRK,LANDMARKS BERHAD,MAIN,1643,"Travel, Leisure & Hospitality",117.51m,0.18,-,0.00,-2.24
LAYHONG,LAY HONG BERHAD,MAIN,9385,Agricultural Products,203.59m,0.28,7.24,1.09,6.03
LBALUM,LB ALUMINIUM BERHAD,MAIN,9326,Metals,208.73m,0.48,6.82,5.21,7.74
LBICAP,LBI CAPITAL BERHAD,MAIN,8494,Property,56.66m,0.51,93.52,3.96,0.43
LBS,LBS BINA GROUP BERHAD,MAIN,5789,Property,839.55m,0.54,6.75,4.58,8.53
LCTITAN,LOTTE CHEMICAL TITAN HOLDING BERHAD,MAIN,5284,Chemicals,2.682b,1.16,-,12.05,-9.98
LEBTECH,LEBTECH BERHAD,MAIN,9628,Construction,107.82m,0.79,-,0.00,-
LEESK,LEE SWEE KIAT GROUP BERHAD,MAIN,8079,Household Goods,126.70m,0.76,10.30,4.64,17.05
LEFORM,LEFORM BERHAD,ACE,0266,Metals,325.82m,0.22,-,4.09,-7.72
LEONFB,LEON FUAT BERHAD,MAIN,5232,Metals,184.14m,0.54,12.89,2.78,2.46
LFECORP,LFE CORPORATION BERHAD,MAIN,7170,Industrial Engineering,194.01m,0.18,102.94,0.00,2.12
LGMS,LGMS BERHAD,ACE,0249,Digital Services,483.36m,1.06,43.09,1.23,13.52
LHI,LEONG HUP INTERNATIONAL BERHAD,MAIN,6633,Agricultural Products,2.008b,0.55,8.18,3.27,11.65
LIENHOE,LIEN HOE CORPORATION BERHAD,MAIN,3573,Property,108.52m,0.30,-,0.00,-6.77
LIIHEN,LII HEN INDUSTRIES BHD.,MAIN,7089,Household Goods,467.10m,0.87,7.08,8.04,13.27
LIONIND,LION INDUSTRIES CORPORATION BERHAD,MAIN,4235,Metals,262.04m,0.37,-,0.00,-21.47
LIONPSIM,LION POSIM BERHAD,MAIN,8486,Industrial Services,94.94m,0.41,31.54,0.00,0.39
LKL,LKL INTERNATIONAL BERHAD,ACE,0182,Health Care Equipment & Services,56.27m,0.15,-,2.41,-
LOTUS,LOTUS KFM BERHAD,MAIN,8303,Food & Beverages,260.81m,0.26,106.25,0.00,3.00
LPI,LPI CAPITAL BHD,MAIN,8621,Insurance,4.557b,11.44,15.39,5.24,14.04
LSH,LIM SEONG HAI CAPITAL BERHAD,LEAP,03047,Construction,621.60m,0.88,-,4.01,-
LSTEEL,LEADER STEEL HOLDINGS BERHAD,MAIN,9881,Metals,66.66m,0.48,13.42,3.16,2.55
LTKM,LTKM BERHAD,MAIN,7085,Agricultural Products,186.05m,1.30,-,0.00,-
LUSTER,LUSTER INDUSTRIES BHD.,MAIN,5068,"Industrial Materials, Components & Equipment",226.70m,0.08,-,0.00,-5.44
LUXCHEM,LUXCHEM CORPORATION BERHAD,MAIN,5143,Chemicals,497.49m,0.47,17.68,4.30,4.70
LYC,LYC HEALTHCARE BERHAD,ACE,0075,Health Care Providers,123.50m,0.19,-,0.00,-37.14
LYSAGHT,LYSAGHT GALVANIZED STEEL BERHAD,MAIN,9199,Metals,90.23m,2.17,9.95,1.38,5.22
M&A,M & A EQUITY HOLDINGS BERHAD,MAIN,7082,Other Financials,671.33m,0.34,-,0.00,-
M&G,MARINE & GENERAL BERHAD,MAIN,5078,Transportation & Logistics Services,184.59m,0.26,3.36,0.00,63.17
MAA,MAA GROUP BERHAD,MAIN,1198,Insurance,89.67m,0.34,-,0.00,-0.18
MAG,MAG HOLDINGS BERHAD,ACE,0095,Food & Beverages,319.87m,0.20,9.26,0.00,4.50
MAGNA,MAGNA PRIMA BERHAD,MAIN,7617,Property,162.58m,0.41,-,0.00,-0.70
MAGNI,MAGNI-TECH INDUSTRIES BERHAD,MAIN,7087,Personal Goods,846.20m,1.95,8.13,4.62,12.49
MAGNUM,MAGNUM BERHAD,MAIN,3859,"Travel, Leisure & Hospitality",1.582b,1.10,13.51,4.55,4.85
MAHSING,MAH SING GROUP BERHAD,MAIN,8583,Property,2.039b,0.84,10.49,3.57,5.41
MALAKOF,MALAKOFF CORPORATION BERHAD,MAIN,5264,Electricity,2.975b,0.60,-,8.82,-6.01
MALPAC,MALPAC HOLDINGS BERHAD,MAIN,4936,Plantation,78.75m,1.05,29.09,0.00,1.57
MALTON,MALTON BERHAD,MAIN,6181,Property,216.54m,0.41,-,0.00,-
MANULFE,MANULIFE HOLDINGS BERHAD,MAIN,1058,Insurance,425.77m,1.94,9.17,3.61,3.75
MARCO,MARCO HOLDINGS BERHAD,MAIN,3514,Personal Goods,205.59m,0.20,10.10,20.51,9.65
MASTEEL,MALAYSIA STEEL WORKS (KL) BHD,MAIN,5098,Metals,227.50m,0.34,35.26,0.00,0.75
MASTER,MASTER-PACK GROUP BERHAD,MAIN,7029,Packaging Materials,148.02m,2.71,6.16,4.43,15.71
MATANG,MATANG BERHAD,ACE,0189,Plantation,215.03m,0.09,81.82,2.44,1.10
MATRIX,MATRIX CONCEPTS HOLDINGS BERHAD,MAIN,5236,Property,1.877b,1.50,8.30,5.50,11.15
MAXIM,MAXIM GLOBAL BERHAD,MAIN,4022,Property,275.73m,0.38,6.86,2.67,14.47
MAXIS,MAXIS BERHAD,MAIN,6012,Telecommunications Service Providers,31.250b,3.99,25.93,5.01,19.99
MAYBANK,MALAYAN BANKING BERHAD,MAIN,1155,Banking,105.768b,8.77,11.84,6.61,9.90
MAYBULK,MALAYSIAN BULK CARRIERS BERHAD,MAIN,5077,Transportation & Logistics Services,315.00m,0.32,11.45,0.00,5.38
MAYU,MAYU GLOBAL GROUP BERHAD,MAIN,7099,Metals,141.99m,0.32,9.76,0.00,2.85
MBL,MUAR BAN LEE GROUP BERHAD,MAIN,5152,"Industrial Materials, Components & Equipment",121.82m,0.49,2.09,0.00,25.24
MBMR,MBM RESOURCES BHD,MAIN,5983,Automotive,1.513b,3.87,6.05,11.11,12.03
MBN,MYMBN BERHAD,ACE,0280,Consumer Services,73.34m,0.19,-,0.00,-
MBRIGHT,META BRIGHT GROUP BERHAD,MAIN,2097,"Travel, Leisure & Hospitality",508.90m,0.22,58.11,0.00,3.70
MBSB,MALAYSIA BUILDING SOCIETY BERHAD,MAIN,1171,Other Financials,6.126b,0.75,14.67,11.41,4.21
MCEHLDG,MCE HOLDINGS BERHAD,MAIN,7004,Auto Parts,103.79m,1.68,6.74,3.27,13.07
MCEMENT,MALAYAN CEMENT BERHAD,MAIN,3794,Building Materials,4.743b,3.62,29.82,1.66,2.67
MCLEAN,MCLEAN TECHNOLOGIES BERHAD,ACE,0167,Industrial Services,27.61m,0.14,-,0.00,-17.88
MCOM,MCOM HOLDINGS BERHAD,LEAP,03022,Digital Services,39.15m,0.20,-,0.00,-
MEDIA,MEDIA PRIMA BERHAD,MAIN,4502,Media,476.96m,0.43,-,3.49,-
MEDIAC,MEDIA CHINESE INTERNATIONAL LIMITED,MAIN,5090,Media,253.09m,0.15,-,4.47,-1.85
MELATI,MELATI EHSAN HOLDINGS BERHAD,MAIN,5129,Construction,63.00m,0.53,3.88,1.90,6.41
MELEWAR,MELEWAR INDUSTRIAL GROUP BERHAD,MAIN,3778,Metals,104.24m,0.29,-,0.00,-3.26
MENANG,MENANG CORPORATION (M) BERHAD,MAIN,1694,Property,370.76m,0.72,21.43,0.00,4.54
MENTIGA,MENTIGA CORPORATION BERHAD,MAIN,5223,Wood & Wood Products,52.85m,0.76,-,0.00,-12.04
MERCURY,MERCURY INDUSTRIES BERHAD,MAIN,8192,Construction,63.66m,0.99,-,0.00,-10.45
MERIDIAN,MERIDIAN BERHAD,MAIN,5040,Property,23.99m,0.11,-,0.00,-29.00
MERSEC,MERCURY SECURITIES GROUP BERHAD,ACE,0285,Other Financials,272.37m,0.31,-,0.00,-
MESB,MESB BERHAD,MAIN,7234,Personal Goods,70.70m,0.49,5.87,0.00,11.28
MESTRON,MESTRON HOLDINGS BERHAD,ACE,0207,Metals,527.73m,0.53,39.85,0.28,10.23
METFSID,MYETF MSCI SEA ISLAMIC DIVIDEND,ETF,0825EA,Equity Fund,48.68m,0.83,-,0.00,-
METFUS50,MYETF DOW JONES U.S. TITANS 50,ETF,0827EA,Equity Fund,24.63m,2.05,-,0.00,-
METROD,METROD HOLDINGS BERHAD,MAIN,6149,Metals,151.20m,1.26,9.98,4.76,3.59
MFCB,MEGA FIRST CORPORATION BERHAD,MAIN,3069,Electricity,3.321b,3.36,8.88,2.22,12.04
MFGROUP,MANFORCE GROUP BERHAD,LEAP,03015,Consumer Services,76.80m,0.24,-,0.00,-
MFLOUR,MALAYAN FLOUR MILLS BERHAD,MAIN,3662,Food & Beverages,654.43m,0.64,6.45,4.69,7.25
MGB,MGB BERHAD,MAIN,7595,Construction,405.28m,0.69,13.00,0.73,5.86
MGRC,MALAYSIAN GENOMICS RESOURCE CENTRE BERHAD,ACE,0155,Health Care Equipment & Services,66.55m,0.49,-,0.00,-49.57
MHB,MALAYSIA MARINE AND HEAVY ENGINEERING HOLDINGS BERHAD,MAIN,5186,"Energy Infrastructure, Equipment & Services",840.00m,0.53,-,2.86,-25.73
MHC,MHC PLANTATIONS BHD,MAIN,5026,Plantation,178.86m,0.91,12.83,7.69,4.57
MHCARE,METRO HEALTHCARE BERHAD,LEAP,03005,Health Care Providers,388.53m,0.63,-,1.11,-
MI,MI TECHNOVATION BERHAD,MAIN,5286,Technology Equipment,1.521b,1.69,22.87,2.37,6.21
MICROLN,MICROLINK SOLUTIONS BERHAD,MAIN,0126,Digital Services,965.16m,0.90,41.28,0.56,10.38
MIECO,MIECO CHIPBOARD BERHAD,MAIN,5001,Wood & Wood Products,645.00m,0.65,-,0.00,-8.67
MIKROMB,MIKRO MSC BERHAD,ACE,0112,Technology Equipment,300.58m,0.28,80.00,0.18,1.93
MILUX,MILUX CORPORATION BERHAD,MAIN,7935,Household Goods,128.11m,0.55,-,0.00,-0.06
MINETEC,MINETECH RESOURCES BERHAD,MAIN,7219,Building Materials,76.46m,0.05,-,0.00,-10.50
MINHO,MINHO (M) BERHAD,MAIN,5576,Wood & Wood Products,108.80m,0.31,18.05,0.00,1.51
MINOX,MINOX INTERNATIONAL GROUP BERHAD,ACE,0288,Wood & Wood Products,-,0.00,-,-,-
MISC,MISC BERHAD,MAIN,3816,Transportation & Logistics Services,31.648b,7.09,12.50,4.65,6.34
MITRA,MITRAJAYA HOLDINGS BERHAD,MAIN,9571,Construction,213.44m,0.28,8.21,1.82,3.28
MJPERAK,MAJUPERAK HOLDINGS BERHAD,MAIN,8141,Property,91.01m,0.32,-,0.00,-1.83
MKH,MKH BERHAD,MAIN,6114,Property,803.57m,1.37,12.09,2.92,3.54
MKLAND,MK LAND HOLDINGS BERHAD,MAIN,8893,Property,307.85m,0.26,23.39,0.00,1.06
MLAB,MLABS SYSTEMS BERHAD,ACE,0085,Technology Equipment,21.74m,0.02,-,0.00,-5.44
MMAG,MMAG HOLDINGS BERHAD,ACE,0034,Digital Services,36.34m,0.02,-,0.00,-36.86
MMIS,MMIS BERHAD,LEAP,03027,"Industrial Materials, Components & Equipment",300.00m,0.50,-,0.00,-
MMSV,MMS VENTURES BERHAD,MAIN,0113,Technology Equipment,111.94m,0.54,66.67,3.70,2.31
MNC,M N C WIRELESS BERHAD,ACE,0103,Telecommunications Equipment,36.32m,0.16,-,0.00,-10.46
MNHLDG,MN HOLDINGS BERHAD,ACE,0245,Construction,149.19m,0.37,15.53,0.00,13.82
MNRB,MNRB HOLDINGS BERHAD,MAIN,6459,Insurance,924.04m,1.18,4.56,3.77,7.57
MOBILIA,MOBILIA HOLDINGS BERHAD,MAIN,0229,Household Goods,115.50m,0.17,17.93,3.03,10.22
MPAY,MANAGEPAY SYSTEMS BERHAD,ACE,0156,Software,94.75m,0.11,-,0.00,-14.89
MPHBCAP,MPHB CAPITAL BERHAD,MAIN,5237,Property,750.75m,1.05,3.33,4.76,13.14
MPI,MALAYSIAN PACIFIC INDUSTRIES BERHAD,MAIN,3867,Semiconductors,5.608b,26.72,91.44,1.31,2.88
MPIRE,MPIRE GLOBAL BERHAD,MAIN,7943,Household Goods,37.57m,0.15,-,0.00,-46.50
MPSOL,MATRIX PARKING SOLUTION HOLDINGS BERHAD,LEAP,03019,Consumer Services,22.29m,0.10,-,1.70,-
MQTECH,MQ TECHNOLOGY BERHAD,ACE,0070,Semiconductors,41.44m,0.03,-,0.00,-5.00
MRCB,MALAYSIAN RESOURCES CORPORATION BERHAD,MAIN,1651,Property,2.033b,0.46,36.40,2.20,1.24
MRDIY,MR D.I.Y. GROUP (M) BERHAD,MAIN,5296,Retailers,14.443b,1.53,28.02,1.42,32.12
MSC,MALAYSIA SMELTING CORPORATION BERHAD,MAIN,5916,Metals,932.40m,2.22,15.96,3.15,7.69
MSM,MSM MALAYSIA HOLDINGS BERHAD,MAIN,5202,Food & Beverages,927.93m,1.32,-,0.00,-11.93
MSNIAGA,MESINIAGA BERHAD,MAIN,5011,Digital Services,77.92m,1.29,23.12,7.75,3.15
MSTGOLF,MST GOLF GROUP BERHAD,MAIN,5316,Retailers,422.75m,0.52,-,0.00,-
MTAG,MTAG GROUP BERHAD,ACE,0213,Industrial Services,296.50m,0.44,9.86,6.90,14.23
MTOUCHE,MTOUCHE TECHNOLOGY BERHAD,ACE,0092,Telecommunications Service Providers,46.34m,0.05,-,0.00,-14.72
MTRONIC,METRONIC GLOBAL BERHAD,MAIN,0043,Industrial Services,30.62m,0.02,-,0.00,-5.50
MUDA,MUDA HOLDINGS BERHAD,MAIN,3883,Packaging Materials,439.27m,1.44,-,2.78,-3.55
MUDAJYA,MUDAJAYA GROUP BERHAD,MAIN,5085,Construction,328.26m,0.18,-,0.00,-2.74
MUH,MULTI-USAGE HOLDINGS BERHAD,MAIN,9539,Property,29.62m,0.53,6.87,0.00,5.31
MUHIBAH,MUHIBBAH ENGINEERING (M) BHD,MAIN,5703,Construction,530.67m,0.73,-,0.00,-0.96
MUIIND,MALAYAN UNITED INDUSTRIES BERHAD,MAIN,3891,"Travel, Leisure & Hospitality",209.68m,0.07,-,0.00,-1.34
MUIPROP,MUI PROPERTIES BERHAD,MAIN,3913,Property,148.99m,0.20,4.19,5.13,9.89
MULPHA,MULPHA INTERNATIONAL BERHAD,MAIN,3905,"Travel, Leisure & Hospitality",759.27m,2.44,-,0.00,-0.50
MYCRON,MYCRON STEEL BERHAD,MAIN,5087,Metals,112.83m,0.35,-,8.70,-2.50
MYEG,MY E.G. SERVICES BERHAD,MAIN,0138,Digital Services,5.971b,0.79,13.48,1.80,21.47
MYETFDJ,MYETF DOW JONES ISLAMIC MARKET MALAYSIA TITANS 25,ETF,0821EA,Equity Fund,133.78m,0.99,-,0.00,-
MYETFID,MYETF MSCI MALAYSIA ISLAMIC DIVIDEND,ETF,0824EA,Equity Fund,23.98m,1.21,-,0.00,-
MYNEWS,MYNEWS HOLDINGS BERHAD,MAIN,5275,Retailers,431.45m,0.58,-,0.00,-4.42
MYTECH,MYTECH GROUP BERHAD,MAIN,7692,Metals,83.91m,0.38,76.53,0.00,2.72
N2N,N2N CONNECT BERHAD,ACE,0108,Software,248.40m,0.45,15.34,4.49,5.58
NADIBHD,GAGASAN NADI CERGAS BERHAD,ACE,0206,Construction,225.90m,0.30,-,0.00,-1.46
NAIM,NAIM HOLDINGS BERHAD,MAIN,5073,Property,423.88m,0.83,27.23,0.00,1.22
NATGATE,NATIONGATE HOLDINGS BERHAD,ACE,0270,"Industrial Materials, Components & Equipment",2.572b,1.24,32.21,0.81,19.35
NCT,NCT ALLIANCE BERHAD,MAIN,0056,Property,501.76m,0.33,12.41,0.00,7.02
NESTCON,NESTCON BERHAD,ACE,0235,Construction,245.55m,0.36,-,0.00,-13.95
NESTLE,NESTLE (MALAYSIA) BERHAD,MAIN,4707,Food & Beverages,29.547b,126.00,47.38,2.08,86.62
NETX,NETX HOLDINGS BERHAD,ACE,0020,Software,151.73m,0.17,-,0.00,-13.29
NEXGRAM,NEXGRAM HOLDINGS BERHAD,ACE,0096,Telecommunications Equipment,12.98m,0.02,-,0.00,-1.61
NGGB,NEXTGREEN GLOBAL BERHAD,MAIN,7241,Industrial Services,784.74m,0.89,54.27,0.00,4.69
NHFATT,NEW HOONG FATT HOLDINGS BERHAD,MAIN,7060,Automotive,254.63m,3.08,6.30,4.22,7.47
NICE,NICHE CAPITAL EMAS HOLDINGS BERHAD,MAIN,7139,Personal Goods,149.67m,0.13,-,0.00,-9.50
NIHSIN,NI HSIN GROUP BERHAD,MAIN,7215,Household Goods,68.76m,0.12,-,0.00,-6.78
NOTION,NOTION VTEC BERHAD,MAIN,0083,Technology Equipment,159.91m,0.31,34.07,0.00,1.12
NOVA,NOVA WELLNESS GROUP BERHAD,MAIN,0201,Pharmaceuticals,234.26m,0.74,15.61,4.42,14.27
NOVAMSC,NOVA MSC BERHAD,ACE,0026,Software,131.19m,0.11,-,0.00,-35.67
NP,NOVELPLUS TECHNOLOGY BERHAD,LEAP,03045,Digital Services,110.00m,0.28,-,0.00,-
NPC,NPC RESOURCES BERHAD,MAIN,5047,Plantation,240.00m,2.00,-,0.00,-0.58
NPS,NOVA PHARMA SOLUTIONS BERHAD,LEAP,03006,Pharmaceuticals,33.53m,0.23,-,2.22,-
NSOP,NEGRI SEMBILAN OIL PALMS BERHAD,MAIN,2038,Plantation,230.26m,3.28,13.33,5.18,2.88
NTPM,NTPM HOLDINGS BERHAD,MAIN,5066,Household Goods,454.90m,0.41,-,3.95,-1.36
NYLEX,NYLEX (MALAYSIA) BERHAD,MAIN,4944,Chemicals,69.96m,0.36,-,0.00,-6.50
OCB,OCB BERHAD,MAIN,5533,Food & Beverages,74.05m,0.72,23.84,0.00,1.79
OCK,OCK GROUP BERHAD,MAIN,0172,Telecommunications Service Providers,437.70m,0.42,11.79,0.00,5.42
OCNCASH,OCEANCASH PACIFIC BERHAD,MAIN,0049,Personal Goods,78.24m,0.30,14.35,3.33,4.49
OCR,OCR GROUP BERHAD,MAIN,7071,Construction,103.20m,0.08,-,0.00,-2.83
OFI,ORIENTAL FOOD INDUSTRIES HOLDINGS BERHAD,MAIN,7107,Food & Beverages,285.60m,1.19,13.81,2.52,8.80
OIB,ORIENTAL INTEREST BERHAD,MAIN,5827,Property,571.43m,1.23,9.26,4.07,8.98
OKA,OKA CORPORATION BHD,MAIN,7140,Building Materials,165.64m,0.68,24.82,4.89,3.53
OLYMPIA,OLYMPIA INDUSTRIES BERHAD,MAIN,3018,"Travel, Leisure & Hospitality",81.87m,0.08,-,0.00,-3.71
OMESTI,OMESTI BHD,MAIN,9008,Digital Services,191.94m,0.36,1.51,0.00,40.24
OMH,OM HOLDINGS LIMITED,MAIN,5298,Metals,1.093b,1.48,-,0.00,-
ONEGLOVE,ONE GLOVE GROUP BERHAD,MAIN,5079,"Travel, Leisure & Hospitality",93.72m,0.22,-,0.00,-
OPCOM,OPCOM HOLDINGS BERHAD,ACE,0035,Telecommunications Equipment,264.98m,0.69,-,0.00,-
OPENSYS,OPENSYS (M) BERHAD,MAIN,0040,Software,158.63m,0.36,13.00,3.94,14.37
OPPSTAR,OPPSTAR BERHAD,ACE,0275,Semiconductors,979.75m,1.54,-,0.52,-
OPTIMAX,OPTIMAX HOLDINGS BERHAD,MAIN,0222,Health Care Providers,364.50m,0.68,25.28,3.56,24.27
ORGABIO,ORGABIO HOLDINGS BERHAD,ACE,0252,Food & Beverages,59.49m,0.24,-,0.00,-1.71
ORIENT,ORIENTAL HOLDINGS BERHAD,MAIN,4006,Automotive,3.939b,6.35,12.48,6.30,4.28
ORNA,ORNAPAPER BERHAD,MAIN,5065,Packaging Materials,66.97m,0.89,-,1.12,-0.29
OSK,OSK HOLDINGS BERHAD,MAIN,5053,Property,2.493b,1.19,5.19,5.04,8.00
OSKVI,OSK VENTURES INTERNATIONAL BERHAD,ACE,0053,Other Financials,106.70m,0.54,3.65,3.70,12.12
OVERSEA,OVERSEA ENTERPRISE BERHAD,ACE,0153,"Travel, Leisure & Hospitality",136.78m,0.06,-,0.00,-2.00
OVH,OCEAN VANTAGE HOLDINGS BERHAD,ACE,0220,"Energy Infrastructure, Equipment & Services",98.69m,0.24,30.92,0.00,4.75
OWG,ONLY WORLD GROUP HOLDINGS BERHAD,MAIN,5260,"Travel, Leisure & Hospitality",243.21m,0.53,20.70,0.00,5.12
P&O,PACIFIC & ORIENT BERHAD,MAIN,6009,Insurance,282.82m,0.98,67.59,10.00,1.20
PA,P.A. RESOURCES BERHAD,MAIN,7225,Metals,365.92m,0.25,11.67,4.08,11.17
PADINI,PADINI HOLDINGS BERHAD,MAIN,7052,Retailers,2.579b,3.92,11.58,2.93,21.42
PANAMY,PANASONIC MANUFACTURING MALAYSIA BERHAD,MAIN,3719,Household Goods,1.107b,18.22,12.42,6.70,10.93
PANSAR,PANSAR BERHAD,MAIN,8419,Building Materials,300.60m,0.64,20.13,0.55,4.68
PANTECH,PANTECH GROUP HOLDINGS BERHAD,MAIN,5125,Metals,714.18m,0.84,6.19,7.14,13.44
PAOS,PAOS HOLDINGS BERHAD,MAIN,5022,Household Goods,52.54m,0.29,-,0.00,-0.04
PARAGON,PARAGON UNION BERHAD,MAIN,9407,Household Goods,217.12m,2.59,-,0.00,-12.93
PARAMON,PARAMOUNT CORPORATION BERHAD,MAIN,1724,Property,604.04m,0.97,7.39,6.19,5.81
PARKSON,PARKSON HOLDINGS BERHAD,MAIN,5657,Retailers,344.67m,0.30,-,0.00,-2.78
PARKWD,PARKWOOD HOLDINGS BERHAD,MAIN,2682,Property,40.89m,0.15,16.67,0.00,1.57
PARLO,PARLO BERHAD,ACE,0022,"Travel, Leisure & Hospitality",87.17m,0.15,-,0.00,-
PASDEC,PASDEC HOLDINGS BERHAD,MAIN,6912,Property,136.13m,0.34,-,0.00,-4.28
PASUKGB,PASUKHAS GROUP BERHAD,ACE,0177,Industrial Engineering,27.63m,0.15,-,0.00,-
PAVREIT,PAVILION REAL ESTATE INVESTMENT TRUST,MAIN,5212,Real Estate Investment Trusts,4.383b,1.20,10.68,6.98,8.86
PBA,PBA HOLDINGS BHD,MAIN,5041,"Gas, Water & Multi-utilities",265.02m,0.80,7.96,3.75,3.61
PBBANK,PUBLIC BANK BERHAD,MAIN,1295,Banking,78.225b,4.03,11.79,4.22,12.45
PCCS,PCCS GROUP BERHAD,MAIN,6068,Personal Goods,90.32m,0.41,44.51,2.47,1.19
PCHEM,PETRONAS CHEMICALS GROUP BERHAD,MAIN,5183,Chemicals,56.800b,7.10,16.06,5.77,8.82
PDZ,PDZ HOLDINGS BHD,MAIN,6254,Transportation & Logistics Services,17.44m,0.03,-,0.00,-7.44
PEB,PIMPINAN EHSAN BERHAD,MAIN,5622,Construction,91.94m,1.33,341.03,0.00,0.39
PECCA,PECCA GROUP BERHAD,MAIN,5271,Auto Parts,887.36m,1.18,25.05,2.00,16.64
PEKAT,PEKAT GROUP BERHAD,ACE,0233,Industrial Services,280.56m,0.44,25.00,2.30,8.29
PELIKAN,PELIKAN INTERNATIONAL CORPORATION BERHAD,MAIN,5231,Consumer Services,544.28m,0.90,7.85,0.00,11.63
PENERGY,PETRA ENERGY BERHAD,MAIN,5133,"Energy Infrastructure, Equipment & Services",281.53m,0.88,6.62,5.71,10.93
PENSONI,PENSONIC HOLDINGS BERHAD,MAIN,9997,Household Goods,84.28m,0.65,-,1.92,-2.08
PENTA,PENTAMASTER CORPORATION BERHAD,MAIN,7160,Technology Equipment,3.611b,5.07,41.15,0.39,13.36
PERDANA,PERDANA PETROLEUM BERHAD,MAIN,7108,"Energy Infrastructure, Equipment & Services",532.83m,0.24,16.44,0.00,5.03
PERMAJU,PERMAJU INDUSTRIES BERHAD,MAIN,7080,Automotive,87.54m,0.05,-,0.00,-6.20
PERSTIM,PERUSAHAAN SADUR TIMAH MALAYSIA (PERSTIMA) BHD,MAIN,5436,Metals,451.84m,3.50,-,2.86,-0.28
PERTAMA,PERTAMA DIGITAL BERHAD,MAIN,8532,Personal Goods,1.586b,3.62,-,0.00,-287.00
PESONA,PESONA METRO HOLDINGS BERHAD,MAIN,8311,Construction,121.62m,0.18,-,0.00,-1.70
PESTECH,PESTECH INTERNATIONAL BERHAD,MAIN,5219,Industrial Engineering,352.24m,0.36,-,0.00,-62.13
PETDAG,PETRONAS DAGANGAN BHD,MAIN,5681,Retailers,22.353b,22.50,22.40,3.38,17.29
PETGAS,PETRONAS GAS BERHAD,MAIN,6033,"Gas, Water & Multi-utilities",33.480b,16.92,19.15,4.26,13.12
PETRONM,PETRON MALAYSIA REFINING & MARKETING BHD,MAIN,3042,Oil & Gas Producers,1.212b,4.49,7.60,5.57,6.94
PGB,PROPEL GLOBAL BERHAD,MAIN,0091,"Energy Infrastructure, Equipment & Services",104.77m,0.17,13.75,0.00,8.05
PGF,PGF CAPITAL BERHAD,MAIN,8117,Building Materials,204.49m,1.25,13.30,1.60,7.44
PGLOBE,PARAGON GLOBE BERHAD,MAIN,3611,Property,145.59m,0.20,75.00,0.00,0.65
PHARMA,PHARMANIAGA BERHAD,MAIN,7081,Pharmaceuticals,626.93m,0.44,-,4.37,-
PHB,PEGASUS HEIGHTS BERHAD,MAIN,4464,Property,54.11m,0.01,-,0.00,-4.17
PICORP,PROGRESSIVE IMPACT CORPORATION BERHAD,MAIN,7201,Industrial Services,52.64m,0.08,-,0.00,-15.25
PIE,P.I.E. INDUSTRIAL BERHAD,MAIN,7095,"Industrial Materials, Components & Equipment",1.152b,3.00,16.31,2.33,12.60
PINEAPP,PINEAPPLE RESOURCES BERHAD,ACE,0006,Digital Services,42.68m,0.88,-,0.00,-15.47
PINEPAC,PINEHILL PACIFIC BERHAD,MAIN,1902,Plantation,59.17m,0.40,-,7.59,-6.01
PJBUMI,PJBUMI BERHAD,MAIN,7163,Industrial Services,77.90m,0.95,-,0.00,-
PLABS,PETERLABS HOLDINGS BERHAD,ACE,0171,Agricultural Products,48.16m,0.18,16.20,3.43,3.91
PLB,PLB ENGINEERING BERHAD,MAIN,7055,Property,118.01m,1.05,-,0.00,-31.59
PLENITU,PLENITUDE BERHAD,MAIN,5075,Property,412.06m,1.08,9.41,2.78,2.70
PLS,PLS PLANTATIONS BERHAD,MAIN,9695,Plantation,395.66m,0.90,-,0.00,-11.65
PMBTECH,PMB TECHNOLOGY BERHAD,MAIN,7172,Metals,4.992b,3.07,124.80,0.00,3.37
PMCORP,PAN MALAYSIA CORPORATION BERHAD,MAIN,4081,"Travel, Leisure & Hospitality",166.27m,0.22,5.58,2.79,11.36
PMETAL,PRESS METAL ALUMINIUM HOLDINGS BERHAD,MAIN,8869,Metals,38.891b,4.72,33.08,1.43,17.84
PMHLDG,PAN MALAYSIA HOLDINGS BERHAD,MAIN,1287,"Travel, Leisure & Hospitality",51.09m,0.06,-,0.00,-1.78
PNEPCB,PNE PCB BERHAD,MAIN,6637,"Industrial Materials, Components & Equipment",36.44m,0.07,-,0.00,-21.91
POHKONG,POH KONG HOLDINGS BERHAD,MAIN,5080,Retailers,334.44m,0.82,4.30,2.82,10.24
POHUAT,POH HUAT RESOURCES HOLDINGS BERHAD,MAIN,7088,Household Goods,370.14m,1.33,9.37,6.02,7.17
POLYDM,POLYDAMIC GROUP BERHAD,LEAP,03031,"Industrial Materials, Components & Equipment",66.18m,0.75,-,1.33,-
POS,POS MALAYSIA BERHAD,MAIN,4634,Transportation & Logistics Services,399.22m,0.51,-,0.00,-31.38
PPB,PPB GROUP BERHAD,MAIN,4065,Food & Beverages,21.225b,14.92,11.92,2.68,6.63
PPHB,PUBLIC PACKAGES HOLDINGS BHD,MAIN,8273,Packaging Materials,181.07m,0.68,4.76,0.37,10.59
PPJACK,PAPPAJACK BERHAD,ACE,0242,Other Financials,756.68m,0.99,46.03,0.00,6.90
PRESTAR,PRESTAR RESOURCES BERHAD,MAIN,9873,Metals,149.64m,0.42,-,2.41,-0.66
PRG,PRG HOLDINGS BERHAD,MAIN,7168,Personal Goods,81.81m,0.19,4.81,0.00,9.59
PRIVA,PRIVASIA TECHNOLOGY BERHAD,ACE,0123,Telecommunications Equipment,64.47m,0.11,18.42,0.00,5.70
PRKCORP,PERAK CORPORATION BERHAD,MAIN,8346,Transportation & Logistics Services,30.00m,0.30,1.93,0.00,16.92
PRLEXUS,PROLEXUS BERHAD,MAIN,8966,Personal Goods,91.32m,0.33,4.37,0.00,6.93
PRTASCO,PROTASCO BERHAD,MAIN,5070,Construction,94.12m,0.19,-,0.00,-10.31
PTARAS,PINTARAS JAYA BHD,MAIN,9598,Construction,267.04m,1.61,-,3.11,-0.53
PTRANS,PERAK TRANSIT BERHAD,MAIN,0186,"Travel, Leisure & Hospitality",912.62m,1.23,14.71,2.48,9.65
PTRB,PT RESOURCES HOLDINGS BERHAD,ACE,0260,Food & Beverages,256.81m,0.48,7.63,1.35,20.97
PTT,PTT SYNERGY GROUP BERHAD,MAIN,7010,Property,210.69m,1.17,132.95,0.00,0.89
PUC,PUC BERHAD,ACE,0007,Media,72.86m,0.04,-,0.00,-24.95
PUNCAK,PUNCAK NIAGA HOLDINGS BERHAD,MAIN,6807,Construction,175.22m,0.39,-,0.00,-1.80
PWF,PWF CONSOLIDATED BERHAD,MAIN,7134,Agricultural Products,196.36m,0.88,8.21,5.68,7.10
PWORTH,PRICEWORTH INTERNATIONAL BERHAD,MAIN,7123,Wood & Wood Products,194.36m,0.13,-,0.00,-4.75
PWROOT,POWER ROOT BERHAD,MAIN,7237,Food & Beverages,967.03m,1.99,16.28,5.90,16.51
PWRWELL,POWERWELL HOLDINGS BERHAD,ACE,0217,"Industrial Materials, Components & Equipment",153.85m,0.27,22.46,2.26,9.08
QES,QES GROUP BERHAD,MAIN,0196,"Industrial Materials, Components & Equipment",433.75m,0.52,16.30,0.96,15.95
QL,QL RESOURCES BERHAD,MAIN,7084,Agricultural Products,13.312b,5.47,37.26,1.28,12.88
QUALITY,QUALITY CONCRETE HOLDINGS BERHAD,MAIN,7544,Building Materials,74.77m,1.29,-,0.00,-12.07
RADIUM,RADIUM DEVELOPMENT BERHAD,MAIN,5313,Property,1.387b,0.40,-,2.50,-
RALCO,RALCO CORPORATION BERHAD,MAIN,7498,Chemicals,40.13m,0.79,-,0.00,-
RAMSSOL,RAMSSOL GROUP BERHAD,ACE,0236,Software,145.61m,0.48,23.40,0.00,8.46
RANHILL,RANHILL UTILITIES BERHAD,MAIN,5272,"Gas, Water & Multi-utilities",784.56m,0.61,7.43,4.13,14.03
RAPID,RAPID SYNERGY BERHAD,MAIN,7765,Property,2.696b,25.22,-,0.00,-
RCECAP,RCE CAPITAL BERHAD,MAIN,9296,Other Financials,1.845b,2.49,12.86,4.82,18.09
REACH,REACH ENERGY BERHAD,MAIN,5256,Oil & Gas Producers,85.16m,0.04,-,0.00,-
REDIDEA,RED IDEAS HOLDINGS BERHAD,LEAP,03002,Digital Services,29.40m,0.28,-,0.00,-
REDTONE,REDTONE DIGITAL BERHAD,MAIN,0032,Telecommunications Service Providers,555.54m,0.71,9.13,3.52,23.36
REKATECH,REKATECH CAPITAL BERHAD,ACE,0081,Industrial Services,26.64m,0.05,-,0.00,-27.78
RENEUCO,RENEUCO BERHAD,MAIN,7130,Personal Goods,127.87m,0.21,20.10,0.00,2.55
RESINTC,RESINTECH BERHAD,MAIN,7232,Building Materials,96.89m,0.50,54.40,3.79,1.01
REVENUE,REVENUE GROUP BERHAD,MAIN,0200,Digital Services,121.62m,0.22,-,0.00,-
REX,REX INDUSTRY BERHAD,MAIN,9946,Food & Beverages,72.34m,0.11,-,0.00,-42.19
REXIT,REXIT BERHAD,ACE,0106,Software,155.25m,0.82,14.11,4.88,22.35
RGB,RGB INTERNATIONAL BHD,MAIN,0037,"Travel, Leisure & Hospitality",441.25m,0.29,9.25,2.11,16.21
RGS,RAY GO SOLAR HOLDINGS BERHAD,LEAP,03052,Industrial Services,51.00m,0.20,-,0.00,-
RGTBHD,RGT BERHAD,MAIN,9954,Chemicals,264.37m,0.25,147.06,2.40,1.18
RGTECH,RADIANT GLOBALTECH BERHAD,ACE,0202,Digital Services,165.44m,0.32,23.86,0.00,9.92
RHBBANK,RHB BANK BERHAD,MAIN,1066,Banking,23.575b,5.50,7.75,7.27,10.13
RHONEMA,RHONE MA HOLDINGS BERHAD,MAIN,5278,Agricultural Products,152.65m,0.69,12.75,2.90,7.51
RKI,RHONG KHEN INTERNATIONAL BERHAD,MAIN,7006,Household Goods,250.73m,1.29,11.10,4.65,3.29
RL,RESERVOIR LINK ENERGY BHD,MAIN,0219,"Energy Infrastructure, Equipment & Services",102.97m,0.33,-,0.00,-
ROHAS,ROHAS TECNIC BERHAD,MAIN,9741,Industrial Engineering,122.89m,0.26,10.24,0.00,3.63
RPLANET,REDPLANET BERHAD,LEAP,03036,Digital Services,31.88m,0.20,-,3.80,-
RSAWIT,RIMBUNAN SAWIT BERHAD,MAIN,5113,Plantation,285.84m,0.14,-,0.00,-9.56
RSENA,RED SENA BERHAD,MAIN,5270,Special Purpose Acquisition Company,505.00m,0.51,-,0.00,-
RTSTECH,RTS TECHNOLOGY HOLDINGS BERHAD,LEAP,03039,Software,20.53m,0.17,-,1.52,-
RVIEW,RIVERVIEW RUBBER ESTATES BERHAD,MAIN,2542,Plantation,207.52m,3.20,30.92,12.50,1.81
S&FCAP,S & F CAPITAL BERHAD,MAIN,8745,Wood & Wood Products,66.04m,0.12,26.67,0.00,4.09
SAB,SOUTHERN ACIDS (M) BERHAD,MAIN,5134,Chemicals,449.14m,3.28,16.28,1.52,3.56
SAFETY,SAFETYWARE GROUP BERHAD,LEAP,03056,"Industrial Materials, Components & Equipment",60.65m,0.19,-,0.00,-
SALCON,SALCON BERHAD,MAIN,8567,"Gas, Water & Multi-utilities",187.30m,0.19,-,0.00,-5.45
SALUTE,SALUTICA BERHAD,MAIN,0183,Personal Goods,213.25m,0.50,-,0.00,-23.98
SAM,SAM ENGINEERING & EQUIPMENT (M) BERHAD,MAIN,9822,"Industrial Materials, Components & Equipment",2.426b,4.48,28.26,0.56,9.97
SAMAIDEN,SAMAIDEN GROUP BERHAD,MAIN,0223,Industrial Services,489.12m,1.20,48.58,0.42,9.80
SAMCHEM,SAMCHEM HOLDINGS BERHAD,MAIN,5147,Chemicals,266.56m,0.49,16.33,6.53,5.88
SANCY,SANCY BERHAD,LEAP,03057,Software,224.13m,0.33,-,0.00,-
SANICHI,SANICHI TECHNOLOGY BERHAD,ACE,0133,"Industrial Materials, Components & Equipment",28.06m,0.02,-,0.00,-11.89
SAPIND,SAPURA INDUSTRIAL BERHAD,MAIN,7811,Auto Parts,62.22m,0.86,7.51,6.90,7.70
SAPNRG,SAPURA ENERGY BERHAD,MAIN,5218,"Energy Infrastructure, Equipment & Services",798.95m,0.05,-,0.00,-
SAPRES,SAPURA RESOURCES BERHAD,MAIN,4596,Property,57.24m,0.41,0.82,0.00,39.29
SASBADI,SASBADI HOLDINGS BERHAD,MAIN,5252,Media,78.07m,0.18,8.29,2.78,6.03
SAUDEE,SAUDEE GROUP BERHAD,MAIN,5157,Food & Beverages,44.63m,0.03,-,0.00,-4.12
SBAGAN,SUNGEI BAGAN RUBBER COMPANY (MALAYA) BERHAD,MAIN,2569,Plantation,216.24m,3.26,13.45,2.15,2.48
SBCCORP,SBC CORPORATION BERHAD,MAIN,5207,Property,101.96m,0.40,1316.67,0.00,0.02
SCABLE,SARAWAK CABLE BERHAD,MAIN,5170,"Industrial Materials, Components & Equipment",21.94m,0.06,-,0.00,-
SCBUILD,SC ESTATE BUILDER BERHAD,ACE,0109,Construction,42.96m,0.04,-,0.00,-
SCC,SCC HOLDINGS BERHAD,ACE,0158,Consumer Services,45.17m,0.32,32.99,3.12,2.98
SCGBHD,SOUTHERN CABLE GROUP BERHAD,MAIN,0225,"Industrial Materials, Components & Equipment",304.00m,0.38,16.17,0.74,6.35
SCGM,SCGM BHD,MAIN,7247,Packaging Materials,106.48m,0.55,0.35,11.67,275.16
SCIB,SARAWAK CONSOLIDATED INDUSTRIES BERHAD,MAIN,9237,Building Materials,320.12m,0.50,-,0.00,-29.31
SCICOM,SCICOM (MSC) BERHAD,MAIN,0099,Industrial Services,380.34m,1.07,11.76,7.48,27.58
SCIENTX,SCIENTEX BERHAD,MAIN,4731,Packaging Materials,5.723b,3.69,13.06,2.71,12.90
SCIPACK,SCIENTEX PACKAGING (AYER KEROH) BERHAD,MAIN,8125,Packaging Materials,807.69m,2.30,22.48,2.17,9.39
SCNWOLF,SCANWOLF CORPORATION BERHAD,MAIN,7239,Building Materials,92.43m,0.47,-,0.00,-17.24
SCOMIES,SCOMI ENERGY SERVICES BHD,MAIN,7045,"Energy Infrastructure, Equipment & Services",2.34m,0.01,-,0.00,-620.33
SCOMNET,SUPERCOMNET TECHNOLOGIES BERHAD,MAIN,0001,Health Care Equipment & Services,1.072b,1.36,35.14,1.47,8.41
SCOPE,SCOPE INDUSTRIES BERHAD,ACE,0028,"Industrial Materials, Components & Equipment",178.82m,0.16,221.43,0.00,0.39
SDRED,SELANGOR DREDGING BERHAD,MAIN,2224,Property,247.15m,0.58,14.32,4.31,1.98
SDS,SDS GROUP BERHAD,MAIN,0212,Food & Beverages,239.63m,0.59,9.61,2.14,23.42
SEACERA,SEACERA GROUP BERHAD,MAIN,7073,Building Materials,143.10m,0.23,18.85,0.00,1.06
SEAL,SEAL INCORPORATED BERHAD,MAIN,4286,Property,214.35m,0.51,18.28,0.00,2.62
SEALINK,SEALINK INTERNATIONAL BERHAD,MAIN,5145,Transportation Equipment,107.50m,0.22,-,0.00,-4.67
SEB,SEREMBAN ENGINEERING BERHAD,MAIN,5163,Industrial Engineering,65.20m,0.82,14.10,0.00,13.44
SEDANIA,SEDANIA INNOVATOR BERHAD,ACE,0178,Telecommunications Equipment,60.79m,0.18,20.83,0.00,6.51
SEEHUP,SEE HUP CONSOLIDATED BERHAD,MAIN,7053,Transportation & Logistics Services,76.00m,0.95,-,3.81,-3.70
SEERS,SEERS BERHAD,LEAP,03009,Household Goods,25.76m,0.10,-,0.00,-
SEG,SEG INTERNATIONAL BHD,MAIN,9792,Consumer Services,829.06m,0.66,31.34,7.63,19.00
SEM,7-ELEVEN MALAYSIA HOLDINGS BERHAD,MAIN,5250,Retailers,2.343b,2.00,40.90,2.70,47.02
SENDAI,EVERSENDAI CORPORATION BERHAD,MAIN,5205,Construction,113.26m,0.15,-,0.00,-77.47
SENFONG,SENG FONG HOLDINGS BERHAD,MAIN,5308,Industrial Services,386.63m,0.75,17.09,4.03,13.21
SENHENG,SENHENG NEW RETAIL BERHAD,MAIN,5305,Retailers,555.00m,0.37,11.49,3.24,9.10
SENTRAL,SENTRAL REIT,MAIN,5123,Real Estate Investment Trusts,884.22m,0.83,18.13,8.27,3.89
SERBADK,SERBA DINAMIK HOLDINGS BERHAD,MAIN,5279,"Energy Infrastructure, Equipment & Services",74.54m,0.02,-,0.00,-200.76
SERNKOU,SERN KOU RESOURCES BERHAD,MAIN,7180,Household Goods,630.69m,0.59,487.50,0.00,0.55
SERSOL,SERSOL BERHAD,ACE,0055,Chemicals,106.06m,0.15,-,0.00,-77.50
SFPTECH,SFP TECH HOLDINGS BERHAD,ACE,0251,Semiconductors,2.220b,0.93,59.29,0.36,19.50
SGBHD,SUPERGENICS BERHAD,LEAP,03033,Industrial Services,21.39m,0.23,-,0.00,-
SHANG,SHANGRI-LA HOTELS (MALAYSIA) BERHAD,MAIN,5517,"Travel, Leisure & Hospitality",932.80m,2.12,-,0.00,-1.89
SHCHAN,SIN HENG CHAN (MALAYA) BERHAD,MAIN,4316,Plantation,87.86m,0.30,16.48,0.00,2.02
SHH,SHH RESOURCES HOLDINGS BERHAD,MAIN,7412,Household Goods,121.99m,1.22,32.88,0.00,4.76
SHL,SHL CONSOLIDATED BHD,MAIN,6017,Property,566.57m,2.34,10.45,5.13,6.04
SIAB,SIAB HOLDINGS BERHAD,ACE,0241,Construction,58.76m,0.12,-,0.00,-48.60
SIGN,SIGNATURE INTERNATIONAL BERHAD,MAIN,7246,Household Goods,610.00m,0.95,-,0.00,-
SIME,SIME DARBY BERHAD,MAIN,4197,Automotive,15.062b,2.21,10.33,5.88,8.62
SIMEPLT,SIME DARBY PLANTATION BERHAD,MAIN,5285,Plantation,29.599b,4.28,21.04,3.75,8.10
SIMEPROP,SIME DARBY PROPERTY BERHAD,MAIN,5288,Property,4.353b,0.64,14.95,3.12,2.95
SINARAN,SINARAN ADVANCE GROUP BERHAD,MAIN,5172,Personal Goods,86.92m,0.10,-,0.00,-24.29
SJC,SENI JAYA CORPORATION BERHAD,MAIN,9431,Media,95.13m,0.49,6.31,0.00,25.06
SKBSHUT,SKB SHUTTERS CORPORATION BERHAD,MAIN,7115,Building Materials,92.40m,0.70,6.24,0.00,12.75
SKHAWK,STEEL HAWK BERHAD,LEAP,03049,"Energy Infrastructure, Equipment & Services",44.80m,0.28,-,1.96,-
SKPRES,SKP RESOURCES BHD,MAIN,7155,"Industrial Materials, Components & Equipment",1.610b,1.03,12.48,4.37,14.47
SKYWLD,SKYWORLD DEVELOPMENT BERHAD,MAIN,5315,Property,520.00m,0.52,-,5.77,-
SLIC,SL INNOVATION CAPITAL BERHAD,LEAP,03008,Digital Services,85.09m,0.67,-,4.48,-
SLP,SLP RESOURCES BERHAD,MAIN,7248,Packaging Materials,274.17m,0.87,19.98,6.36,7.00
SLVEST,SOLARVEST HOLDINGS BERHAD,MAIN,0215,Industrial Services,902.09m,1.35,40.79,0.00,10.68
SMCAP,SINMAH CAPITAL BERHAD,MAIN,9776,Agricultural Products,39.24m,0.10,-,0.00,-11.67
SMETRIC,SECUREMETRIC BERHAD,ACE,0203,Software,89.45m,0.16,258.33,0.00,0.82
SMI,SOUTH MALAYSIA INDUSTRIES BERHAD,MAIN,4375,Property,138.56m,0.66,-,0.00,-
SMILE,SMILE-LINK HEALTHCARE GLOBAL BERHAD,LEAP,03023,Health Care Providers,46.33m,0.19,-,0.54,-
SMISCOR,SMIS CORPORATION BERHAD,MAIN,7132,Auto Parts,36.74m,0.82,2.05,0.00,23.57
SMRT,SMRT HOLDINGS BERHAD,ACE,0117,Digital Services,340.12m,0.76,-,0.00,-
SMTRACK,SMTRACK BERHAD,ACE,0169,Technology Equipment,36.45m,0.03,-,0.00,-
SNOWFIT,SNOWFIT GROUP BERHAD,LEAP,03054,Household Goods,42.22m,0.20,-,0.85,-
SNS,SNS NETWORK TECHNOLOGY BERHAD,ACE,0259,Technology Equipment,395.13m,0.25,8.66,2.04,20.21
SNTORIA,SENTORIA GROUP BERHAD,MAIN,5213,Property,46.72m,0.08,-,0.00,-
SOLID,SOLID AUTOMOTIVE BERHAD,MAIN,5242,Automotive,101.28m,0.20,14.34,1.54,3.58
SOLUTN,SOLUTION GROUP BERHAD,ACE,0093,Digital Services,114.11m,0.24,-,0.00,-46.79
SOP,SARAWAK OIL PALMS BERHAD,MAIN,5126,Plantation,2.270b,2.55,10.17,3.92,6.69
SPRING,SPRING ART HOLDINGS BERHAD,ACE,0216,Household Goods,89.37m,0.22,97.73,0.00,1.16
SPRITZER,SPRITZER BHD,MAIN,7103,Food & Beverages,498.13m,1.56,11.86,2.67,8.39
SPSETIA,S P SETIA BERHAD,MAIN,8664,Property,3.969b,0.97,15.32,1.52,2.10
SPTOTO,SPORTS TOTO BERHAD,MAIN,1562,"Travel, Leisure & Hospitality",2.013b,1.49,9.07,6.04,20.54
SRIDGE,SILVER RIDGE HOLDINGS BHD,ACE,0129,Telecommunications Equipment,148.43m,0.71,-,0.00,-45.00
SSB8,SOUTHERN SCORE BUILDERS BERHAD,ACE,0045,Construction,465.88m,0.21,22.28,4.88,13.14
SSF,SSF HOME GROUP BERHAD,ACE,0287,Construction,-,0.00,-,-,-
SSTEEL,SOUTHERN STEEL BERHAD,MAIN,5665,Metals,342.88m,0.58,-,0.00,-22.59
STAR,STAR MEDIA GROUP BERHAD,MAIN,6084,Media,321.28m,0.44,71.31,2.30,0.69
STELLA,STELLA HOLDINGS BERHAD,MAIN,5006,Construction,67.67m,1.01,-,2.48,-32.22
STRAITS,STRAITS ENERGY RESOURCES BERHAD,ACE,0080,Transportation & Logistics Services,113.06m,0.12,22.22,0.00,3.09
SUBUR,SUBUR TIASA HOLDINGS BERHAD,MAIN,6904,Wood & Wood Products,173.47m,0.83,-,0.00,-0.10
SUCCESS,SUCCESS TRANSFORMER CORPORATION BERHAD,MAIN,7207,"Industrial Materials, Components & Equipment",176.65m,0.70,8.93,2.57,4.96
SUNCON,SUNWAY CONSTRUCTION GROUP BERHAD,MAIN,5263,Construction,2.482b,1.92,19.22,2.86,16.38
SUNMOW,SUNMOW HOLDING BERHAD,LEAP,03050,Construction,257.33m,1.10,-,1.36,-
SUNREIT,SUNWAY REAL ESTATE INVESTMENT TRUST,MAIN,5176,Real Estate Investment Trusts,5.069b,1.48,16.28,6.23,6.20
SUNSURIA,SUNSURIA BERHAD,MAIN,3743,Property,461.40m,0.52,29.26,0.00,1.49
SUNVIEW,SUNVIEW GROUP BERHAD,ACE,0262,Industrial Services,346.32m,0.74,26.24,0.00,12.26
SUNWAY,SUNWAY BERHAD,MAIN,5211,Diversified Industrials,9.849b,1.97,14.94,2.79,6.13
SUNZEN,SUNZEN BIOTECH BERHAD,ACE,0148,Agricultural Products,154.97m,0.22,37.72,0.00,3.17
SUPERLN,SUPERLON HOLDINGS BERHAD,MAIN,7235,Building Materials,107.20m,0.67,28.88,1.19,2.51
SUPERMX,SUPERMAX CORPORATION BERHAD,MAIN,7106,Health Care Equipment & Services,2.231b,0.82,-,4.27,-3.10
SUPREME,SUPREME CONSOLIDATED RESOURCES BERHAD,LEAP,03018,Consumer Services,80.40m,0.67,-,4.36,-
SURIA,SURIA CAPITAL HOLDINGS BERHAD,MAIN,6521,Transportation & Logistics Services,529.11m,1.53,8.61,2.61,5.15
SWIFT,SWIFT HAULAGE BERHAD,MAIN,5303,Transportation & Logistics Services,484.95m,0.55,11.33,3.67,6.35
SWKPLNT,SARAWAK PLANTATION BERHAD,MAIN,5135,Plantation,588.00m,2.10,11.31,7.14,7.14
SWSCAP,SWS CAPITAL BERHAD,MAIN,7186,Household Goods,92.15m,0.34,304.55,0.00,0.21
SYCAL,SYCAL VENTURES BERHAD,MAIN,9717,Construction,77.02m,0.19,47.44,0.00,0.58
SYGROUP,SHIN YANG GROUP BERHAD,MAIN,5173,Transportation & Logistics Services,774.00m,0.65,4.18,1.94,14.42
SYMLIFE,SYMPHONY LIFE BERHAD,MAIN,1538,Property,247.17m,0.35,-,0.00,-6.97
SYNERGY,SYNERGY HOUSE BERHAD,ACE,0279,Household Goods,215.00m,0.43,-,0.00,-
SYSTECH,SYSTECH BHD,ACE,0050,Software,168.64m,0.49,-,0.00,-21.64
T7GLOBAL,T7 GLOBAL BERHAD,MAIN,7228,"Energy Infrastructure, Equipment & Services",345.37m,0.46,13.50,0.00,8.22
TAANN,TA ANN HOLDINGS BERHAD,MAIN,5012,Plantation,1.477b,3.32,7.36,12.05,11.16
TAFI,TAFI INDUSTRIES BERHAD,MAIN,7211,Household Goods,204.89m,0.54,26.34,0.00,9.76
TAKAFUL,SYARIKAT TAKAFUL MALAYSIA KELUARGA BERHAD,MAIN,6139,Insurance,2.964b,3.54,8.53,3.81,21.29
TALAMT,TALAM TRANSFORM BERHAD,MAIN,2259,Property,107.38m,0.03,-,0.00,-4.50
TALIWRK,TALIWORKS CORPORATION BERHAD,MAIN,8524,"Gas, Water & Multi-utilities",1.603b,0.80,28.91,8.30,7.47
TAMBUN,TAMBUN INDAH LAND BERHAD,MAIN,5191,Property,384.40m,0.88,8.30,6.40,6.31
TANCO,TANCO HOLDINGS BERHAD,MAIN,2429,Property,1.103b,0.56,55.50,0.00,7.52
TAS,TAS OFFSHORE BERHAD,MAIN,5149,Transportation Equipment,65.70m,0.37,4.30,2.74,15.96
TASCO,TASCO BERHAD,MAIN,5140,Transportation & Logistics Services,640.00m,0.80,7.94,4.38,13.79
TASHIN,TASHIN HOLDINGS BERHAD,ACE,0211,Metals,136.11m,0.39,-,5.13,-0.25
TAWIN,TA WIN HOLDINGS BERHAD,MAIN,7097,Metals,137.41m,0.04,-,0.00,-14.86
TCHONG,TAN CHONG MOTOR HOLDINGS BERHAD,MAIN,4405,Automotive,705.60m,1.05,-,2.86,-2.08
TCS,TCS GROUP HOLDINGS BERHAD,ACE,0221,Construction,75.08m,0.18,-,0.00,-9.68
TDEX,TECHNODEX BHD,ACE,0132,Software,59.07m,0.07,-,0.00,-47.00
TDM,TDM BERHAD,MAIN,2054,Plantation,301.50m,0.18,-,0.97,-12.06
TECGUAN,TECK GUAN PERDANA BERHAD,MAIN,7439,Agricultural Products,66.16m,1.65,2.98,3.03,19.87
TECHBND,TECHBOND GROUP BERHAD,MAIN,5289,Chemicals,230.70m,0.44,20.91,1.15,6.50
TECHNAX,TECHNA-X BERHAD,MAIN,2739,Other Energy Resources,22.15m,0.01,-,0.00,-100.00
TEKSENG,TEK SENG HOLDINGS BERHAD,MAIN,7200,Household Goods,110.00m,0.31,13.03,3.28,3.66
TELADAN,TELADAN GROUP BERHAD,ACE,0230,Property,890.48m,1.10,31.98,1.18,5.46
TENAGA,TENAGA NASIONAL BHD,MAIN,5347,Electricity,57.989b,10.02,19.15,4.59,5.19
TEOSENG,TEO SENG CAPITAL BERHAD,MAIN,7252,Agricultural Products,375.01m,1.25,6.40,1.60,15.27
TEXCHEM,TEXCHEM RESOURCES BERHAD,MAIN,8702,Diversified Industrials,102.99m,0.82,-,15.95,-2.25
TEXCYCL,TEX CYCLE TECHNOLOGY (M) BERHAD,ACE,0089,Industrial Services,171.65m,0.67,13.04,0.90,9.87
TFP,TFP SOLUTIONS BERHAD,ACE,0145,Digital Services,29.29m,0.05,-,0.00,-0.44
TGL,TEO GUAN LEE CORPORATION BERHAD,MAIN,9369,Personal Goods,101.03m,1.21,8.87,6.61,9.96
TGUAN,THONG GUAN INDUSTRIES BERHAD,MAIN,7034,Packaging Materials,743.31m,1.87,8.49,3.21,10.11
THETA,THETA EDGE BERHAD,MAIN,9075,Digital Services,73.14m,0.62,15.74,2.42,6.16
THPLANT,TH PLANTATIONS BERHAD,MAIN,5112,Plantation,459.60m,0.52,8.48,5.77,7.96
THRIVEN,THRIVEN GLOBAL BERHAD,MAIN,7889,Property,57.43m,0.11,-,0.00,-18.67
TIENWAH,TIEN WAH PRESS HOLDINGS BERHAD,MAIN,7374,Industrial Services,125.20m,0.87,-,6.47,-5.12
TIMECOM,TIME DOTCOM BERHAD,MAIN,5031,Telecommunications Service Providers,10.250b,5.55,3.91,12.73,60.85
TIMWELL,TIMBERWELL BERHAD,MAIN,7854,Wood & Wood Products,56.10m,0.63,14.00,3.17,6.42
TITIJYA,TITIJAYA LAND BERHAD,MAIN,5239,Property,354.69m,0.27,80.30,0.00,0.37
TJSETIA,TUJU SETIA BERHAD,MAIN,5297,Construction,72.87m,0.23,-,0.00,-45.04
TM,TELEKOM MALAYSIA BERHAD,MAIN,4863,Telecommunications Service Providers,18.914b,4.93,14.28,3.35,15.42
TMCLIFE,TMC LIFE SCIENCES BERHAD,MAIN,0101,Health Care Providers,1.063b,0.61,27.11,0.67,4.59
TNLOGIS,TIONG NAM LOGISTICS HOLDINGS BERHAD,MAIN,8397,Transportation & Logistics Services,380.03m,0.72,12.81,0.00,3.25
TOCEAN,TRANSOCEAN HOLDINGS BHD,MAIN,7218,Transportation & Logistics Services,113.92m,1.75,129.63,0.00,1.44
TOMEI,TOMEI CONSOLIDATED BERHAD,MAIN,7230,Retailers,152.46m,1.10,2.86,3.64,13.67
TOMYPAK,TOMYPAK HOLDINGS BERHAD,MAIN,7285,Packaging Materials,168.14m,0.39,1.98,2.56,50.51
TONGHER,TONG HERR RESOURCES BERHAD,MAIN,5010,Metals,396.72m,2.52,10.10,7.94,6.95
TOPGLOV,TOP GLOVE CORPORATION BHD,MAIN,7113,Health Care Equipment & Services,6.197b,0.76,-,1.59,-19.14
TOPVISN,TOPVISION EYE SPECIALIST BERHAD,LEAP,03013,Health Care Providers,187.86m,0.74,-,1.09,-
TOYOVEN,TOYO VENTURES HOLDINGS BERHAD,MAIN,7173,Chemicals,165.96m,1.41,261.11,1.06,0.45
TPC,TPC PLUS BERHAD,MAIN,7176,Agricultural Products,92.47m,0.30,5.59,0.00,19.89
TRC,TRC SYNERGY BERHAD,MAIN,5054,Construction,180.19m,0.38,7.24,3.20,4.80
TRIMODE,TRI-MODE SYSTEM (M) BERHAD,ACE,0199,Transportation & Logistics Services,51.46m,0.31,10.88,3.39,5.18
TRIVE,TRIVE PROPERTY GROUP BERHAD,MAIN,0118,Technology Equipment,88.45m,0.07,-,0.00,-13.80
TROP,TROPICANA CORPORATION BERHAD,MAIN,5401,Property,2.895b,1.26,-,0.00,-7.49
TSH,TSH RESOURCES BERHAD,MAIN,9059,Plantation,1.354b,0.98,3.94,10.71,16.44
TSRCAP,TSR CAPITAL BERHAD,MAIN,5042,Construction,51.46m,0.30,36.88,0.00,1.01
TTVHB,TT VISION HOLDINGS BERHAD,ACE,0272,Semiconductors,552.24m,1.18,52.21,0.00,10.76
TUNEPRO,TUNE PROTECT GROUP BERHAD,MAIN,5230,Insurance,338.47m,0.45,-,0.00,-0.03
TURBO,TURBO-MECH BERHAD,MAIN,5167,"Industrial Materials, Components & Equipment",75.60m,0.70,33.02,0.71,1.84
TURIYA,TURIYA BERHAD,MAIN,4359,Semiconductors,38.88m,0.17,10.12,0.00,2.95
TWL,TWL HOLDINGS BERHAD,MAIN,7079,Property,140.43m,0.03,-,0.00,-0.64
TWRREIT,TOWER REAL ESTATE INVESTMENT TRUST,MAIN,5111,Real Estate Investment Trusts,110.80m,0.40,-,1.47,-3.51
UCHITEC,UCHI TECHNOLOGIES BERHAD,MAIN,7100,"Industrial Materials, Components & Equipment",1.569b,3.42,11.94,8.77,63.64
UCREST,UCREST BERHAD,ACE,0005,Technology Equipment,129.83m,0.18,1750.00,0.00,0.20
UEMS,UEM SUNRISE BERHAD,MAIN,5148,Property,3.996b,0.79,49.38,0.63,1.19
ULICORP,UNITED U-LI CORPORATION BERHAD,MAIN,7133,"Industrial Materials, Components & Equipment",326.70m,1.50,8.10,3.67,11.09
UMC,UMEDIC GROUP BERHAD,ACE,0256,Health Care Equipment & Services,274.82m,0.74,26.63,0.00,16.33
UMCCA,UNITED MALACCA BERHAD,MAIN,2593,Plantation,1.064b,5.07,27.45,2.37,2.73
UMS,UMS HOLDINGS BERHAD,MAIN,7137,"Industrial Materials, Components & Equipment",78.94m,1.94,20.86,4.12,2.26
UMSNGB,UMS-NEIKEN GROUP BERHAD,MAIN,7227,"Industrial Materials, Components & Equipment",73.60m,0.92,14.74,3.26,4.05
UMW,UMW HOLDINGS BERHAD,MAIN,4588,Automotive,5.514b,4.72,8.55,3.01,13.76
UNIMECH,UNIMECH GROUP BERHAD,MAIN,7091,"Industrial Materials, Components & Equipment",274.40m,1.82,8.39,3.41,9.38
UNIQUE,UNIQUE FIRE HOLDINGS BERHAD,ACE,0257,Industrial Services,92.00m,0.23,31.94,2.17,3.60
UNISEM,UNISEM (M) BERHAD,MAIN,5005,Semiconductors,5.243b,3.25,32.24,1.54,6.78
UNITRAD,UNITRADE INDUSTRIES BERHAD,ACE,0247,Building Materials,437.50m,0.28,51.85,1.07,2.57
UNIWALL,UNI WALL APS HOLDINGS BERHAD,LEAP,03017,Construction,577.81m,0.79,-,0.00,-
UOADEV,UOA DEVELOPMENT BHD,MAIN,5200,Property,4.186b,1.68,16.15,11.90,4.46
UOAREIT,UOA REAL ESTATE INVESTMENT TRUST,MAIN,5110,Real Estate Investment Trusts,736.40m,1.09,12.62,7.91,6.03
UPA,UPA CORPORATION BHD,MAIN,7757,Consumer Services,186.22m,0.78,13.47,3.42,1.59
UTAMA,UCI RESOURCES BERHAD,LEAP,03043,Building Materials,90.02m,0.27,-,0.56,-
UTDPLT,UNITED PLANTATIONS BERHAD,MAIN,2089,Plantation,6.860b,16.48,-,8.50,-
UWC,UWC BERHAD,MAIN,5292,Semiconductors,4.131b,3.75,75.15,0.78,13.13
UZMA,UZMA BERHAD,MAIN,7250,"Energy Infrastructure, Equipment & Services",290.42m,0.75,7.45,0.00,6.58
VELESTO,VELESTO ENERGY BERHAD,MAIN,5243,"Energy Infrastructure, Equipment & Services",2.013b,0.25,98.00,0.00,0.86
VERSATL,VERSATILE CREATIVE BERHAD,MAIN,4995,Packaging Materials,170.86m,0.61,-,0.00,-0.93
VINVEST,VINVEST CAPITAL HOLDINGS BERHAD,ACE,0069,Software,67.84m,0.07,-,0.00,-
VIS,VISDYNAMICS HOLDINGS BERHAD,ACE,0120,Semiconductors,103.81m,0.40,16.53,5.06,9.56
VITROX,VITROX CORPORATION BERHAD,MAIN,0097,Semiconductors,6.825b,7.22,40.13,0.75,18.68
VIZIONE,VIZIONE HOLDINGS BERHAD,MAIN,7070,Construction,102.38m,0.05,-,0.00,-
VLB,VESTLAND BERHAD,ACE,0273,Construction,335.23m,0.36,10.99,0.00,21.53
VOLCANO,VOLCANO BERHAD,ACE,0232,Industrial Services,159.83m,0.88,-,1.48,-
VS,V.S. INDUSTRY BERHAD,MAIN,6963,"Industrial Materials, Components & Equipment",3.735b,0.97,20.32,2.07,8.48
VSOLAR,VSOLAR GROUP BERHAD,ACE,0066,Software,24.17m,0.15,-,0.00,-16.33
VSTECS,VSTECS BERHAD,MAIN,5162,Technology Equipment,478.80m,1.33,7.34,4.66,15.11
WAJA,WAJA KONSORTIUM BERHAD,ACE,0102,"Industrial Materials, Components & Equipment",100.36m,0.09,-,0.00,-
WANGZNG,WANG-ZHENG BERHAD,MAIN,7203,Household Goods,110.40m,0.69,21.10,2.17,2.57
WARISAN,WARISAN TC HOLDINGS BERHAD,MAIN,5016,"Travel, Leisure & Hospitality",69.22m,1.03,-,0.00,-2.67
WASCO,WASCO BERHAD,MAIN,5142,"Energy Infrastructure, Equipment & Services",724.52m,0.94,42.31,0.00,2.76
WATTA,WATTA HOLDING BERHAD,MAIN,7226,Auto Parts,48.58m,0.58,-,0.00,-2.65
WCEHB,WCE HOLDINGS BERHAD,MAIN,3565,Construction,2.405b,0.81,28.35,0.00,7.85
WCT,WCT HOLDINGS BERHAD,MAIN,9679,Construction,815.44m,0.58,18.79,0.87,1.37
WEGMANS,WEGMANS HOLDINGS BERHAD,MAIN,0197,Household Goods,101.76m,0.19,7.71,2.70,10.43
WELLCAL,WELLCALL HOLDINGS BERHAD,MAIN,7231,"Industrial Materials, Components & Equipment",756.88m,1.52,16.38,4.61,34.37
WELLS,WELLSPIRE HOLDINGS BERHAD,ACE,0271,Food & Beverages,484.25m,0.68,242.86,0.00,3.89
WIDAD,WIDAD GROUP BERHAD,ACE,0162,Construction,1.657b,0.54,-,0.00,-4.36
WILLOW,WILLOWGLEN MSC BERHAD,MAIN,0008,Software,173.60m,0.35,12.03,4.29,7.10
WMG,WMG HOLDINGS BERHAD,MAIN,6378,Property,40.01m,0.09,-,0.00,-0.63
WONG,WONG ENGINEERING CORPORATION BERHAD,MAIN,7050,"Industrial Materials, Components & Equipment",85.73m,0.34,-,1.03,-1.19
WOODLAN,WOODLANDOR HOLDINGS BHD,MAIN,7025,Wood & Wood Products,29.60m,0.74,-,0.00,-9.08
WPRTS,WESTPORTS HOLDINGS BERHAD,MAIN,5246,Transportation & Logistics Services,10.980b,3.22,14.38,4.46,22.47
WTHORSE,WHITE HORSE BERHAD,MAIN,5009,Building Materials,141.60m,0.59,-,0.00,-5.95
WTK,WTK HOLDINGS BERHAD,MAIN,4243,Wood & Wood Products,221.42m,0.46,-,3.26,-3.25
XDL,XIDELANG HOLDINGS LTD,MAIN,5156,Personal Goods,42.32m,0.02,-,0.00,-1.67
XINHWA,XIN HWA HOLDINGS BERHAD,MAIN,5267,Transportation & Logistics Services,57.52m,0.23,-,0.00,-9.65
XL,XL HOLDINGS BERHAD,MAIN,7121,Consumer Services,211.70m,0.86,-,0.00,-
XOX,XOX BHD,ACE,0165,Telecommunications Service Providers,101.02m,0.02,-,0.00,-83.33
XOXNET,XOX NETWORKS BERHAD,ACE,0140,Consumer Services,39.75m,0.04,-,0.00,-21.40
XOXTECH,XOX TECHNOLOGY BERHAD,ACE,0017,Telecommunications Equipment,53.77m,0.06,33.33,0.00,6.43
Y&G,Y&G CORPORATION BHD,MAIN,7003,Property,139.83m,0.64,21.99,0.00,2.01
YB,YB VENTURES BERHAD,MAIN,5048,Building Materials,74.30m,0.26,-,0.00,-6.36
YBS,YBS INTERNATIONAL BERHAD,ACE,0025,"Industrial Materials, Components & Equipment",151.17m,0.59,140.48,0.00,1.45
YENHER,YENHER HOLDINGS BERHAD,MAIN,5300,Agricultural Products,271.50m,0.91,12.55,3.31,9.78
YEWLEE,YEW LEE PACIFIC GROUP BERHAD,ACE,0248,"Industrial Materials, Components & Equipment",192.17m,0.36,-,0.83,-0.72
YGL,YGL CONVERGENCE BERHAD,ACE,0086,Software,34.49m,0.14,-,0.00,-2.80
YINSON,YINSON HOLDINGS BERHAD,MAIN,7293,"Energy Infrastructure, Equipment & Services",7.262b,2.37,9.54,0.84,14.44
YLI,YLI HOLDINGS BERHAD,MAIN,7014,Metals,37.06m,0.36,8.87,0.00,3.56
YNHPROP,YNH PROPERTY BERHAD,MAIN,3158,Property,2.698b,5.10,-,0.00,-
YOCB,YOONG ONN CORPORATION BERHAD,MAIN,5159,Household Goods,246.40m,1.54,6.47,3.90,12.39
YONGTAI,YONG TAI BERHAD,MAIN,7066,Property,153.14m,0.41,-,0.00,-8.43
YSPSAH,Y.S.P.SOUTHEAST ASIA HOLDING BERHAD,MAIN,7178,Pharmaceuticals,343.04m,2.42,8.56,4.13,10.55
YTL,YTL CORPORATION BERHAD,MAIN,4677,"Gas, Water & Multi-utilities",15.542b,1.41,15.11,2.84,7.18
YTLPOWR,YTL POWER INTERNATIONAL BHD,MAIN,6742,"Gas, Water & Multi-utilities",15.501b,1.90,7.67,3.16,11.97
YTLREIT,YTL HOSPITALITY REIT,MAIN,5109,Real Estate Investment Trusts,1.704b,1.00,12.06,7.44,4.86
YXPM,YX PRECIOUS METALS BHD,ACE,0250,Personal Goods,96.76m,0.26,9.19,3.08,10.48
ZECON,ZECON BERHAD,MAIN,7028,Construction,58.22m,0.40,-,0.00,-0.55
ZELAN,ZELAN BERHAD,MAIN,2283,Construction,29.57m,0.04,11.67,0.00,2.73
ZENTECH,ZEN TECH INTERNATIONAL BERHAD,ACE,0094,Software,52.57m,0.02,-,0.00,-2.00
ZHULIAN,ZHULIAN CORPORATION BERHAD,MAIN,5131,Consumer Services,860.20m,1.87,41.37,9.09,4.36
1TECH,ONETECH SOLUTIONS HOLDINGS BERHAD,LEAP,03041,Software,15.39m,0.20,-,5.00,-
3A,THREE-A RESOURCES BERHAD,MAIN,0012,Food & Beverages,398.52m,0.81,14.39,3.09,6.31
